:START_ID,:END_ID,:TYPE
#3,#1,ThePerson
#3,#2,TheOrganization
#4,#2,ApplicationDeveloper
#5,#3,OwningUser
#5,#4,OwningApplication
#5,#3,LastModifyingUser
#5,#4,LastModifyingApplication
#10,#9,Location
#10,#8,Axis
#10,#7,RefDirection
#11,#10,WorldCoordinateSystem
#11,#6,TrueNorth
#15,#0,ValueComponent
#15,#14,UnitComponent
#16,#12,Dimensions
#16,#15,ConversionFactor
#17,#13,Units
#17,#16,Units
#18,#5,OwnerHistory
#18,#11,RepresentationContexts
#18,#17,UnitsInContext
#22,#21,Location
#22,#20,Axis
#22,#19,RefDirection
#23,#22,RelativePlacement
#24,#5,OwnerHistory
#24,#23,ObjectPlacement
#24,#2325,Representation
#25,#5,OwnerHistory
#25,#18,RelatingObject
#25,#24,RelatedObjects
#29,#28,Location
#29,#27,Axis
#29,#26,RefDirection
#30,#23,PlacementRelTo
#30,#29,RelativePlacement
#31,#5,OwnerHistory
#31,#30,ObjectPlacement
#32,#5,OwnerHistory
#32,#24,RelatingObject
#32,#31,RelatedObjects
#36,#35,Location
#36,#34,Axis
#36,#33,RefDirection
#37,#30,PlacementRelTo
#37,#36,RelativePlacement
#38,#5,OwnerHistory
#38,#37,ObjectPlacement
#39,#5,OwnerHistory
#39,#31,RelatingObject
#39,#38,RelatedObjects
#40,#5,OwnerHistory
#40,#65,ObjectPlacement
#40,#42,Representation
#41,#5,OwnerHistory
#41,#40,RelatedElements
#41,#38,RelatingStructure
#42,#43,Representations
#42,#44,Representations
#43,#11,ContextOfItems
#43,#60,Items
#44,#11,ContextOfItems
#44,#57,Items
#54,#53,Location
#54,#52,Axis
#54,#51,RefDirection
#55,#45,Points
#55,#46,Points
#55,#47,Points
#55,#48,Points
#55,#49,Points
#55,#45,Points
#56,#55,OuterCurve
#57,#56,SweptArea
#57,#54,Position
#57,#50,ExtrudedDirection
#60,#58,Points
#60,#59,Points
#64,#63,Location
#64,#62,Axis
#64,#61,RefDirection
#65,#37,PlacementRelTo
#65,#64,RelativePlacement
#67,#66,SurfaceColour
#68,#67,Styles
#69,#68,Styles
#70,#60,Item
#70,#69,Styles
#71,#57,Item
#71,#69,Styles
#72,#5,OwnerHistory
#72,#93,ObjectPlacement
#72,#75,Representation
#73,#5,OwnerHistory
#73,#72,RelatedElements
#73,#38,RelatingStructure
#74,#11,ContextOfItems
#74,#88,Items
#75,#74,Representations
#85,#84,Location
#85,#83,Axis
#85,#82,RefDirection
#86,#76,Points
#86,#77,Points
#86,#78,Points
#86,#79,Points
#86,#80,Points
#86,#76,Points
#87,#86,OuterCurve
#88,#87,SweptArea
#88,#85,Position
#88,#81,ExtrudedDirection
#92,#91,Location
#92,#90,Axis
#92,#89,RefDirection
#93,#37,PlacementRelTo
#93,#92,RelativePlacement
#95,#94,SurfaceColour
#96,#95,Styles
#97,#96,Styles
#98,#88,Item
#98,#97,Styles
#99,#11,ContextOfItems
#99,#113,Items
#100,#99,Representations
#110,#109,Location
#110,#108,Axis
#110,#107,RefDirection
#111,#101,Points
#111,#102,Points
#111,#103,Points
#111,#104,Points
#111,#105,Points
#111,#101,Points
#112,#111,OuterCurve
#113,#112,SweptArea
#113,#110,Position
#113,#106,ExtrudedDirection
#117,#116,Location
#117,#115,Axis
#117,#114,RefDirection
#118,#65,PlacementRelTo
#118,#117,RelativePlacement
#119,#5,OwnerHistory
#119,#118,ObjectPlacement
#119,#100,Representation
#120,#5,OwnerHistory
#120,#40,RelatingBuildingElement
#120,#119,RelatedOpeningElement
#121,#11,ContextOfItems
#121,#135,Items
#122,#121,Representations
#132,#131,Location
#132,#130,Axis
#132,#129,RefDirection
#133,#123,Points
#133,#124,Points
#133,#125,Points
#133,#126,Points
#133,#127,Points
#133,#123,Points
#134,#133,OuterCurve
#135,#134,SweptArea
#135,#132,Position
#135,#128,ExtrudedDirection
#139,#138,Location
#139,#137,Axis
#139,#136,RefDirection
#140,#37,PlacementRelTo
#140,#139,RelativePlacement
#141,#5,OwnerHistory
#141,#140,ObjectPlacement
#141,#122,Representation
#142,#5,OwnerHistory
#142,#40,RelatingBuildingElement
#142,#141,RelatedOpeningElement
#146,#145,Location
#146,#144,Axis
#146,#143,RefDirection
#147,#37,PlacementRelTo
#147,#146,RelativePlacement
#148,#11,ContextOfItems
#148,#161,Items
#153,#152,Location
#153,#151,Axis
#153,#150,RefDirection
#159,#154,Points
#159,#155,Points
#159,#156,Points
#159,#157,Points
#159,#158,Points
#159,#154,Points
#160,#159,OuterCurve
#161,#160,SweptArea
#161,#153,Position
#161,#149,ExtrudedDirection
#165,#164,Location
#165,#163,Axis
#165,#162,RefDirection
#166,#165,MappingOrigin
#166,#148,MappedRepresentation
#168,#167,LocalOrigin
#169,#166,MappingSource
#169,#168,MappingTarget
#170,#11,ContextOfItems
#170,#169,Items
#171,#170,Representations
#175,#174,Location
#175,#173,Axis
#175,#172,RefDirection
#176,#147,PlacementRelTo
#176,#175,RelativePlacement
#178,#177,LocalOrigin
#179,#166,MappingSource
#179,#178,MappingTarget
#180,#11,ContextOfItems
#180,#179,Items
#181,#180,Representations
#185,#184,Location
#185,#183,Axis
#185,#182,RefDirection
#186,#147,PlacementRelTo
#186,#185,RelativePlacement
#187,#5,OwnerHistory
#187,#188,RelatingObject
#187,#189,RelatedObjects
#187,#190,RelatedObjects
#188,#5,OwnerHistory
#188,#147,ObjectPlacement
#189,#5,OwnerHistory
#189,#176,ObjectPlacement
#189,#171,Representation
#190,#5,OwnerHistory
#190,#186,ObjectPlacement
#190,#181,Representation
#191,#5,OwnerHistory
#191,#188,RelatedElements
#191,#38,RelatingStructure
#193,#192,SurfaceColour
#194,#193,Styles
#195,#194,Styles
#196,#161,Item
#196,#195,Styles
#197,#198,Representations
#197,#199,Representations
#198,#11,ContextOfItems
#198,#215,Items
#199,#11,ContextOfItems
#199,#212,Items
#209,#208,Location
#209,#207,Axis
#209,#206,RefDirection
#210,#200,Points
#210,#201,Points
#210,#202,Points
#210,#203,Points
#210,#204,Points
#210,#200,Points
#211,#210,OuterCurve
#212,#211,SweptArea
#212,#209,Position
#212,#205,ExtrudedDirection
#215,#213,Points
#215,#214,Points
#219,#218,Location
#219,#217,Axis
#219,#216,RefDirection
#220,#37,PlacementRelTo
#220,#219,RelativePlacement
#221,#5,OwnerHistory
#221,#220,ObjectPlacement
#221,#197,Representation
#222,#5,OwnerHistory
#222,#221,RelatedElements
#222,#38,RelatingStructure
#223,#215,Item
#223,#69,Styles
#224,#212,Item
#224,#69,Styles
#225,#11,ContextOfItems
#225,#252,Items
#235,#234,Location
#235,#233,Axis
#235,#232,RefDirection
#236,#226,Points
#236,#227,Points
#236,#228,Points
#236,#229,Points
#236,#230,Points
#236,#226,Points
#237,#236,OuterCurve
#238,#237,SweptArea
#238,#235,Position
#238,#231,ExtrudedDirection
#242,#241,Location
#242,#240,Axis
#242,#239,RefDirection
#243,#242,Position
#244,#243,BaseSurface
#245,#238,FirstOperand
#245,#244,SecondOperand
#249,#248,Location
#249,#247,Axis
#249,#246,RefDirection
#250,#249,Position
#251,#250,BaseSurface
#252,#245,FirstOperand
#252,#251,SecondOperand
#256,#255,Location
#256,#254,Axis
#256,#253,RefDirection
#257,#256,MappingOrigin
#257,#225,MappedRepresentation
#259,#258,LocalOrigin
#260,#257,MappingSource
#260,#259,MappingTarget
#261,#11,ContextOfItems
#261,#260,Items
#262,#261,Representations
#262,#283,Representations
#266,#265,Location
#266,#264,Axis
#266,#263,RefDirection
#267,#37,PlacementRelTo
#267,#266,RelativePlacement
#268,#5,OwnerHistory
#268,#267,ObjectPlacement
#268,#262,Representation
#269,#5,OwnerHistory
#269,#268,RelatedElements
#269,#38,RelatingStructure
#270,#252,Item
#270,#69,Styles
#272,#271,LocalOrigin
#273,#257,MappingSource
#273,#272,MappingTarget
#274,#11,ContextOfItems
#274,#273,Items
#275,#274,Representations
#275,#287,Representations
#279,#278,Location
#279,#277,Axis
#279,#276,RefDirection
#280,#37,PlacementRelTo
#280,#279,RelativePlacement
#281,#5,OwnerHistory
#281,#280,ObjectPlacement
#281,#275,Representation
#282,#5,OwnerHistory
#282,#281,RelatedElements
#282,#38,RelatingStructure
#283,#11,ContextOfItems
#283,#286,Items
#286,#284,Points
#286,#285,Points
#287,#11,ContextOfItems
#287,#290,Items
#290,#288,Points
#290,#289,Points
#291,#11,ContextOfItems
#291,#305,Items
#292,#291,Representations
#302,#301,Location
#302,#300,Axis
#302,#299,RefDirection
#303,#293,Points
#303,#294,Points
#303,#295,Points
#303,#296,Points
#303,#297,Points
#303,#293,Points
#304,#303,OuterCurve
#305,#304,SweptArea
#305,#302,Position
#305,#298,ExtrudedDirection
#309,#308,Location
#309,#307,Axis
#309,#306,RefDirection
#310,#280,PlacementRelTo
#310,#309,RelativePlacement
#311,#5,OwnerHistory
#311,#310,ObjectPlacement
#311,#292,Representation
#312,#5,OwnerHistory
#312,#281,RelatingBuildingElement
#312,#311,RelatedOpeningElement
#612,#339,Polygon
#612,#340,Polygon
#612,#341,Polygon
#613,#612,Bound
#614,#613,Bounds
#615,#339,Polygon
#615,#342,Polygon
#615,#340,Polygon
#616,#615,Bound
#617,#616,Bounds
#618,#343,Polygon
#618,#344,Polygon
#618,#345,Polygon
#619,#618,Bound
#620,#619,Bounds
#621,#343,Polygon
#621,#346,Polygon
#621,#344,Polygon
#622,#621,Bound
#623,#622,Bounds
#624,#347,Polygon
#624,#348,Polygon
#624,#349,Polygon
#625,#624,Bound
#626,#625,Bounds
#627,#347,Polygon
#627,#345,Polygon
#627,#348,Polygon
#628,#627,Bound
#629,#628,Bounds
#630,#347,Polygon
#630,#349,Polygon
#630,#350,Polygon
#631,#630,Bound
#632,#631,Bounds
#633,#351,Polygon
#633,#352,Polygon
#633,#353,Polygon
#634,#633,Bound
#635,#634,Bounds
#636,#351,Polygon
#636,#354,Polygon
#636,#355,Polygon
#637,#636,Bound
#638,#637,Bounds
#639,#351,Polygon
#639,#355,Polygon
#639,#352,Polygon
#640,#639,Bound
#641,#640,Bounds
#642,#356,Polygon
#642,#357,Polygon
#642,#358,Polygon
#643,#642,Bound
#644,#643,Bounds
#645,#356,Polygon
#645,#358,Polygon
#645,#359,Polygon
#646,#645,Bound
#647,#646,Bounds
#648,#360,Polygon
#648,#361,Polygon
#648,#354,Polygon
#649,#648,Bound
#650,#649,Bounds
#651,#360,Polygon
#651,#341,Polygon
#651,#361,Polygon
#652,#651,Bound
#653,#652,Bounds
#654,#362,Polygon
#654,#353,Polygon
#654,#357,Polygon
#655,#654,Bound
#656,#655,Bounds
#657,#362,Polygon
#657,#357,Polygon
#657,#356,Polygon
#658,#657,Bound
#659,#658,Bounds
#660,#363,Polygon
#660,#343,Polygon
#660,#345,Polygon
#661,#660,Bound
#662,#661,Bounds
#663,#363,Polygon
#663,#345,Polygon
#663,#347,Polygon
#664,#663,Bound
#665,#664,Bounds
#666,#364,Polygon
#666,#339,Polygon
#666,#341,Polygon
#667,#666,Bound
#668,#667,Bounds
#669,#364,Polygon
#669,#341,Polygon
#669,#360,Polygon
#670,#669,Bound
#671,#670,Bounds
#672,#365,Polygon
#672,#347,Polygon
#672,#350,Polygon
#673,#672,Bound
#674,#673,Bounds
#675,#365,Polygon
#675,#363,Polygon
#675,#347,Polygon
#676,#675,Bound
#677,#676,Bounds
#678,#366,Polygon
#678,#351,Polygon
#678,#353,Polygon
#679,#678,Bound
#680,#679,Bounds
#681,#367,Polygon
#681,#356,Polygon
#681,#368,Polygon
#682,#681,Bound
#683,#682,Bounds
#684,#367,Polygon
#684,#362,Polygon
#684,#356,Polygon
#685,#684,Bound
#686,#685,Bounds
#687,#367,Polygon
#687,#368,Polygon
#687,#326,Polygon
#688,#687,Bound
#689,#688,Bounds
#690,#369,Polygon
#690,#333,Polygon
#690,#343,Polygon
#691,#690,Bound
#692,#691,Bounds
#693,#369,Polygon
#693,#343,Polygon
#693,#363,Polygon
#694,#693,Bound
#695,#694,Bounds
#696,#370,Polygon
#696,#371,Polygon
#696,#372,Polygon
#697,#696,Bound
#698,#697,Bounds
#699,#370,Polygon
#699,#372,Polygon
#699,#373,Polygon
#700,#699,Bound
#701,#700,Bounds
#702,#374,Polygon
#702,#370,Polygon
#702,#373,Polygon
#703,#702,Bound
#704,#703,Bounds
#705,#374,Polygon
#705,#373,Polygon
#705,#342,Polygon
#706,#705,Bound
#707,#706,Bounds
#708,#375,Polygon
#708,#363,Polygon
#708,#365,Polygon
#709,#708,Bound
#710,#709,Bounds
#711,#375,Polygon
#711,#369,Polygon
#711,#363,Polygon
#712,#711,Bound
#713,#712,Bounds
#714,#376,Polygon
#714,#339,Polygon
#714,#364,Polygon
#715,#714,Bound
#716,#715,Bounds
#717,#376,Polygon
#717,#342,Polygon
#717,#339,Polygon
#718,#717,Bound
#719,#718,Bounds
#720,#376,Polygon
#720,#374,Polygon
#720,#342,Polygon
#721,#720,Bound
#722,#721,Bounds
#723,#377,Polygon
#723,#360,Polygon
#723,#354,Polygon
#724,#723,Bound
#725,#724,Bounds
#726,#377,Polygon
#726,#354,Polygon
#726,#351,Polygon
#727,#726,Bound
#728,#727,Bounds
#729,#378,Polygon
#729,#370,Polygon
#729,#374,Polygon
#730,#729,Bound
#731,#730,Bounds
#732,#379,Polygon
#732,#315,Polygon
#732,#380,Polygon
#733,#732,Bound
#734,#733,Bounds
#735,#381,Polygon
#735,#378,Polygon
#735,#374,Polygon
#736,#735,Bound
#737,#736,Bounds
#738,#382,Polygon
#738,#362,Polygon
#738,#367,Polygon
#739,#738,Bound
#740,#739,Bounds
#741,#382,Polygon
#741,#353,Polygon
#741,#362,Polygon
#742,#741,Bound
#743,#742,Bounds
#744,#382,Polygon
#744,#366,Polygon
#744,#353,Polygon
#745,#744,Bound
#746,#745,Bounds
#747,#383,Polygon
#747,#369,Polygon
#747,#375,Polygon
#748,#747,Bound
#749,#748,Bounds
#750,#384,Polygon
#750,#364,Polygon
#750,#360,Polygon
#751,#750,Bound
#752,#751,Bounds
#753,#384,Polygon
#753,#360,Polygon
#753,#377,Polygon
#754,#753,Bound
#755,#754,Bounds
#756,#385,Polygon
#756,#351,Polygon
#756,#366,Polygon
#757,#756,Bound
#758,#757,Bounds
#759,#385,Polygon
#759,#377,Polygon
#759,#351,Polygon
#760,#759,Bound
#761,#760,Bounds
#762,#386,Polygon
#762,#326,Polygon
#762,#327,Polygon
#763,#762,Bound
#764,#763,Bounds
#765,#386,Polygon
#765,#367,Polygon
#765,#326,Polygon
#766,#765,Bound
#767,#766,Bounds
#768,#386,Polygon
#768,#382,Polygon
#768,#367,Polygon
#769,#768,Bound
#770,#769,Bounds
#771,#387,Polygon
#771,#376,Polygon
#771,#364,Polygon
#772,#771,Bound
#773,#772,Bounds
#774,#387,Polygon
#774,#364,Polygon
#774,#384,Polygon
#775,#774,Bound
#776,#775,Bounds
#777,#388,Polygon
#777,#366,Polygon
#777,#382,Polygon
#778,#777,Bound
#779,#778,Bounds
#780,#388,Polygon
#780,#385,Polygon
#780,#366,Polygon
#781,#780,Bound
#782,#781,Bounds
#783,#389,Polygon
#783,#390,Polygon
#783,#391,Polygon
#784,#783,Bound
#785,#784,Bounds
#786,#392,Polygon
#786,#378,Polygon
#786,#381,Polygon
#787,#786,Bound
#788,#787,Bounds
#789,#393,Polygon
#789,#390,Polygon
#789,#389,Polygon
#790,#789,Bound
#791,#790,Bounds
#792,#393,Polygon
#792,#394,Polygon
#792,#395,Polygon
#793,#792,Bound
#794,#793,Bounds
#795,#396,Polygon
#795,#392,Polygon
#795,#381,Polygon
#796,#795,Bound
#797,#796,Bounds
#798,#397,Polygon
#798,#384,Polygon
#798,#377,Polygon
#799,#798,Bound
#800,#799,Bounds
#801,#397,Polygon
#801,#377,Polygon
#801,#385,Polygon
#802,#801,Bound
#803,#802,Bounds
#804,#398,Polygon
#804,#394,Polygon
#804,#393,Polygon
#805,#804,Bound
#806,#805,Bounds
#807,#399,Polygon
#807,#374,Polygon
#807,#376,Polygon
#808,#807,Bound
#809,#808,Bounds
#810,#400,Polygon
#810,#316,Polygon
#810,#394,Polygon
#811,#810,Bound
#812,#811,Bounds
#813,#401,Polygon
#813,#402,Polygon
#813,#321,Polygon
#814,#813,Bound
#815,#814,Bounds
#816,#403,Polygon
#816,#392,Polygon
#816,#396,Polygon
#817,#816,Bound
#818,#817,Bounds
#819,#403,Polygon
#819,#404,Polygon
#819,#392,Polygon
#820,#819,Bound
#821,#820,Bounds
#822,#405,Polygon
#822,#406,Polygon
#822,#407,Polygon
#823,#822,Bound
#824,#823,Bounds
#825,#405,Polygon
#825,#389,Polygon
#825,#406,Polygon
#826,#825,Bound
#827,#826,Bounds
#828,#408,Polygon
#828,#385,Polygon
#828,#388,Polygon
#829,#828,Bound
#830,#829,Bounds
#831,#408,Polygon
#831,#397,Polygon
#831,#385,Polygon
#832,#831,Bound
#833,#832,Bounds
#834,#409,Polygon
#834,#393,Polygon
#834,#389,Polygon
#835,#834,Bound
#836,#835,Bounds
#837,#409,Polygon
#837,#389,Polygon
#837,#405,Polygon
#838,#837,Bound
#839,#838,Bounds
#840,#410,Polygon
#840,#384,Polygon
#840,#397,Polygon
#841,#840,Bound
#842,#841,Bounds
#843,#410,Polygon
#843,#387,Polygon
#843,#384,Polygon
#844,#843,Bound
#845,#844,Bounds
#846,#411,Polygon
#846,#386,Polygon
#846,#327,Polygon
#847,#846,Bound
#848,#847,Bounds
#849,#411,Polygon
#849,#382,Polygon
#849,#386,Polygon
#850,#849,Bound
#851,#850,Bounds
#852,#411,Polygon
#852,#388,Polygon
#852,#382,Polygon
#853,#852,Bound
#854,#853,Bounds
#855,#412,Polygon
#855,#398,Polygon
#855,#393,Polygon
#856,#855,Bound
#857,#856,Bounds
#858,#412,Polygon
#858,#393,Polygon
#858,#409,Polygon
#859,#858,Bound
#860,#859,Bounds
#861,#413,Polygon
#861,#398,Polygon
#861,#412,Polygon
#862,#861,Bound
#863,#862,Bounds
#864,#414,Polygon
#864,#404,Polygon
#864,#403,Polygon
#865,#864,Bound
#866,#865,Bounds
#867,#415,Polygon
#867,#414,Polygon
#867,#403,Polygon
#868,#867,Bound
#869,#868,Bounds
#870,#415,Polygon
#870,#335,Polygon
#870,#414,Polygon
#871,#870,Bound
#872,#871,Bounds
#873,#416,Polygon
#873,#408,Polygon
#873,#388,Polygon
#874,#873,Bound
#875,#874,Bounds
#876,#416,Polygon
#876,#327,Polygon
#876,#328,Polygon
#877,#876,Bound
#878,#877,Bounds
#879,#416,Polygon
#879,#411,Polygon
#879,#327,Polygon
#880,#879,Bound
#881,#880,Bounds
#882,#416,Polygon
#882,#388,Polygon
#882,#411,Polygon
#883,#882,Bound
#884,#883,Bounds
#885,#417,Polygon
#885,#397,Polygon
#885,#408,Polygon
#886,#885,Bound
#887,#886,Bounds
#888,#417,Polygon
#888,#410,Polygon
#888,#397,Polygon
#889,#888,Bound
#890,#889,Bounds
#891,#418,Polygon
#891,#407,Polygon
#891,#419,Polygon
#892,#891,Bound
#893,#892,Bounds
#894,#420,Polygon
#894,#421,Polygon
#894,#399,Polygon
#895,#894,Bound
#896,#895,Bounds
#897,#420,Polygon
#897,#399,Polygon
#897,#422,Polygon
#898,#897,Bound
#899,#898,Bounds
#900,#418,Polygon
#900,#405,Polygon
#900,#407,Polygon
#901,#900,Bound
#902,#901,Bounds
#903,#423,Polygon
#903,#409,Polygon
#903,#405,Polygon
#904,#903,Bound
#905,#904,Bounds
#906,#423,Polygon
#906,#405,Polygon
#906,#418,Polygon
#907,#906,Bound
#908,#907,Bounds
#909,#424,Polygon
#909,#417,Polygon
#909,#408,Polygon
#910,#909,Bound
#911,#910,Bounds
#912,#424,Polygon
#912,#408,Polygon
#912,#416,Polygon
#913,#912,Bound
#914,#913,Bounds
#915,#425,Polygon
#915,#409,Polygon
#915,#423,Polygon
#916,#915,Bound
#917,#916,Bounds
#918,#425,Polygon
#918,#412,Polygon
#918,#409,Polygon
#919,#918,Bound
#920,#919,Bounds
#921,#426,Polygon
#921,#413,Polygon
#921,#412,Polygon
#922,#921,Bound
#923,#922,Bounds
#924,#426,Polygon
#924,#412,Polygon
#924,#425,Polygon
#925,#924,Bound
#926,#925,Bounds
#927,#427,Polygon
#927,#420,Polygon
#927,#422,Polygon
#928,#927,Bound
#929,#928,Bounds
#930,#428,Polygon
#930,#429,Polygon
#930,#322,Polygon
#931,#930,Bound
#932,#931,Bounds
#933,#427,Polygon
#933,#422,Polygon
#933,#430,Polygon
#934,#933,Bound
#935,#934,Bounds
#936,#431,Polygon
#936,#416,Polygon
#936,#328,Polygon
#937,#936,Bound
#938,#937,Bounds
#939,#431,Polygon
#939,#424,Polygon
#939,#416,Polygon
#940,#939,Bound
#941,#940,Bounds
#942,#432,Polygon
#942,#413,Polygon
#942,#426,Polygon
#943,#942,Bound
#944,#943,Bounds
#945,#433,Polygon
#945,#418,Polygon
#945,#419,Polygon
#946,#945,Bound
#947,#946,Bounds
#948,#434,Polygon
#948,#435,Polygon
#948,#436,Polygon
#949,#948,Bound
#950,#949,Bounds
#951,#434,Polygon
#951,#436,Polygon
#951,#432,Polygon
#952,#951,Bound
#953,#952,Bounds
#954,#437,Polygon
#954,#423,Polygon
#954,#418,Polygon
#955,#954,Bound
#956,#955,Bounds
#957,#438,Polygon
#957,#439,Polygon
#957,#440,Polygon
#958,#957,Bound
#959,#958,Bounds
#960,#437,Polygon
#960,#425,Polygon
#960,#423,Polygon
#961,#960,Bound
#962,#961,Bounds
#963,#438,Polygon
#963,#440,Polygon
#963,#441,Polygon
#964,#963,Bound
#965,#964,Bounds
#966,#437,Polygon
#966,#418,Polygon
#966,#433,Polygon
#967,#966,Bound
#968,#967,Bounds
#969,#442,Polygon
#969,#427,Polygon
#969,#430,Polygon
#970,#969,Bound
#971,#970,Bounds
#972,#442,Polygon
#972,#430,Polygon
#972,#443,Polygon
#973,#972,Bound
#974,#973,Bounds
#975,#444,Polygon
#975,#425,Polygon
#975,#437,Polygon
#976,#975,Bound
#977,#976,Bounds
#978,#445,Polygon
#978,#446,Polygon
#978,#439,Polygon
#979,#978,Bound
#980,#979,Bounds
#981,#445,Polygon
#981,#439,Polygon
#981,#438,Polygon
#982,#981,Bound
#983,#982,Bounds
#984,#447,Polygon
#984,#426,Polygon
#984,#425,Polygon
#985,#984,Bound
#986,#985,Bounds
#987,#447,Polygon
#987,#425,Polygon
#987,#444,Polygon
#988,#987,Bound
#989,#988,Bounds
#990,#448,Polygon
#990,#442,Polygon
#990,#443,Polygon
#991,#990,Bound
#992,#991,Bounds
#993,#448,Polygon
#993,#443,Polygon
#993,#449,Polygon
#994,#993,Bound
#995,#994,Bounds
#996,#450,Polygon
#996,#451,Polygon
#996,#429,Polygon
#997,#996,Bound
#998,#997,Bounds
#999,#450,Polygon
#999,#429,Polygon
#999,#428,Polygon
#1000,#999,Bound
#1001,#1000,Bounds
#1002,#452,Polygon
#1002,#438,Polygon
#1002,#441,Polygon
#1003,#1002,Bound
#1004,#1003,Bounds
#1005,#452,Polygon
#1005,#441,Polygon
#1005,#453,Polygon
#1006,#1005,Bound
#1007,#1006,Bounds
#1008,#454,Polygon
#1008,#432,Polygon
#1008,#426,Polygon
#1009,#1008,Bound
#1010,#1009,Bounds
#1011,#454,Polygon
#1011,#426,Polygon
#1011,#447,Polygon
#1012,#1011,Bound
#1013,#1012,Bounds
#1014,#455,Polygon
#1014,#329,Polygon
#1014,#330,Polygon
#1015,#1014,Bound
#1016,#1015,Bounds
#1017,#456,Polygon
#1017,#437,Polygon
#1017,#433,Polygon
#1018,#1017,Bound
#1019,#1018,Bounds
#1020,#455,Polygon
#1020,#457,Polygon
#1020,#329,Polygon
#1021,#1020,Bound
#1022,#1021,Bounds
#1023,#456,Polygon
#1023,#444,Polygon
#1023,#437,Polygon
#1024,#1023,Bound
#1025,#1024,Bounds
#1026,#455,Polygon
#1026,#448,Polygon
#1026,#449,Polygon
#1027,#1026,Bound
#1028,#1027,Bounds
#1029,#455,Polygon
#1029,#449,Polygon
#1029,#457,Polygon
#1030,#1029,Bound
#1031,#1030,Bounds
#1032,#458,Polygon
#1032,#427,Polygon
#1032,#442,Polygon
#1033,#1032,Bound
#1034,#1033,Bounds
#1035,#459,Polygon
#1035,#432,Polygon
#1035,#454,Polygon
#1036,#1035,Bound
#1037,#1036,Bounds
#1038,#458,Polygon
#1038,#453,Polygon
#1038,#427,Polygon
#1039,#1038,Bound
#1040,#1039,Bounds
#1041,#459,Polygon
#1041,#434,Polygon
#1041,#432,Polygon
#1042,#1041,Bound
#1043,#1042,Bounds
#1044,#458,Polygon
#1044,#452,Polygon
#1044,#453,Polygon
#1045,#1044,Bound
#1046,#1045,Bounds
#1047,#460,Polygon
#1047,#337,Polygon
#1047,#445,Polygon
#1048,#1047,Bound
#1049,#1048,Bounds
#1050,#460,Polygon
#1050,#445,Polygon
#1050,#438,Polygon
#1051,#1050,Bound
#1052,#1051,Bounds
#1053,#460,Polygon
#1053,#438,Polygon
#1053,#452,Polygon
#1054,#1053,Bound
#1055,#1054,Bounds
#1056,#461,Polygon
#1056,#444,Polygon
#1056,#456,Polygon
#1057,#1056,Bound
#1058,#1057,Bounds
#1059,#462,Polygon
#1059,#452,Polygon
#1059,#458,Polygon
#1060,#1059,Bound
#1061,#1060,Bounds
#1062,#463,Polygon
#1062,#458,Polygon
#1062,#464,Polygon
#1063,#1062,Bound
#1064,#1063,Bounds
#1065,#465,Polygon
#1065,#434,Polygon
#1065,#459,Polygon
#1066,#1065,Bound
#1067,#1066,Bounds
#1068,#463,Polygon
#1068,#462,Polygon
#1068,#458,Polygon
#1069,#1068,Bound
#1070,#1069,Bounds
#1071,#466,Polygon
#1071,#460,Polygon
#1071,#452,Polygon
#1072,#1071,Bound
#1073,#1072,Bounds
#1074,#467,Polygon
#1074,#444,Polygon
#1074,#461,Polygon
#1075,#1074,Bound
#1076,#1075,Bounds
#1077,#466,Polygon
#1077,#452,Polygon
#1077,#462,Polygon
#1078,#1077,Bound
#1079,#1078,Bounds
#1080,#467,Polygon
#1080,#447,Polygon
#1080,#444,Polygon
#1081,#1080,Bound
#1082,#1081,Bounds
#1083,#466,Polygon
#1083,#462,Polygon
#1083,#463,Polygon
#1084,#1083,Bound
#1085,#1084,Bounds
#1086,#468,Polygon
#1086,#466,Polygon
#1086,#463,Polygon
#1087,#1086,Bound
#1088,#1087,Bounds
#1089,#469,Polygon
#1089,#454,Polygon
#1089,#447,Polygon
#1090,#1089,Bound
#1091,#1090,Bounds
#1092,#469,Polygon
#1092,#447,Polygon
#1092,#467,Polygon
#1093,#1092,Bound
#1094,#1093,Bounds
#1095,#468,Polygon
#1095,#338,Polygon
#1095,#466,Polygon
#1096,#1095,Bound
#1097,#1096,Bounds
#1098,#470,Polygon
#1098,#433,Polygon
#1098,#419,Polygon
#1099,#1098,Bound
#1100,#1099,Bounds
#1101,#471,Polygon
#1101,#463,Polygon
#1101,#464,Polygon
#1102,#1101,Bound
#1103,#1102,Bounds
#1104,#471,Polygon
#1104,#472,Polygon
#1104,#330,Polygon
#1105,#1104,Bound
#1106,#1105,Bounds
#1107,#471,Polygon
#1107,#330,Polygon
#1107,#331,Polygon
#1108,#1107,Bound
#1109,#1108,Bounds
#1110,#471,Polygon
#1110,#464,Polygon
#1110,#472,Polygon
#1111,#1110,Bound
#1112,#1111,Bounds
#1113,#470,Polygon
#1113,#419,Polygon
#1113,#451,Polygon
#1114,#1113,Bound
#1115,#1114,Bounds
#1116,#473,Polygon
#1116,#471,Polygon
#1116,#331,Polygon
#1117,#1116,Bound
#1118,#1117,Bounds
#1119,#474,Polygon
#1119,#451,Polygon
#1119,#450,Polygon
#1120,#1119,Bound
#1121,#1120,Bounds
#1122,#473,Polygon
#1122,#331,Polygon
#1122,#325,Polygon
#1123,#1122,Bound
#1124,#1123,Bounds
#1125,#474,Polygon
#1125,#470,Polygon
#1125,#451,Polygon
#1126,#1125,Bound
#1127,#1126,Bounds
#1128,#473,Polygon
#1128,#468,Polygon
#1128,#463,Polygon
#1129,#1128,Bound
#1130,#1129,Bounds
#1131,#473,Polygon
#1131,#463,Polygon
#1131,#471,Polygon
#1132,#1131,Bound
#1133,#1132,Bounds
#1134,#475,Polygon
#1134,#318,Polygon
#1134,#476,Polygon
#1135,#1134,Bound
#1136,#1135,Bounds
#1137,#477,Polygon
#1137,#478,Polygon
#1137,#479,Polygon
#1138,#1137,Bound
#1139,#1138,Bounds
#1140,#480,Polygon
#1140,#481,Polygon
#1140,#323,Polygon
#1141,#1140,Bound
#1142,#1141,Bounds
#1143,#482,Polygon
#1143,#477,Polygon
#1143,#483,Polygon
#1144,#1143,Bound
#1145,#1144,Bounds
#1146,#482,Polygon
#1146,#380,Polygon
#1146,#477,Polygon
#1147,#1146,Bound
#1148,#1147,Bounds
#1149,#484,Polygon
#1149,#459,Polygon
#1149,#454,Polygon
#1150,#1149,Bound
#1151,#1150,Bounds
#1152,#482,Polygon
#1152,#391,Polygon
#1152,#380,Polygon
#1153,#1152,Bound
#1154,#1153,Bounds
#1155,#484,Polygon
#1155,#454,Polygon
#1155,#469,Polygon
#1156,#1155,Bound
#1157,#1156,Bounds
#1158,#485,Polygon
#1158,#391,Polygon
#1158,#390,Polygon
#1159,#1158,Bound
#1160,#1159,Bounds
#1161,#485,Polygon
#1161,#390,Polygon
#1161,#379,Polygon
#1162,#1161,Bound
#1163,#1162,Bounds
#1164,#486,Polygon
#1164,#318,Polygon
#1164,#475,Polygon
#1165,#1164,Bound
#1166,#1165,Bounds
#1167,#485,Polygon
#1167,#380,Polygon
#1167,#391,Polygon
#1168,#1167,Bound
#1169,#1168,Bounds
#1170,#485,Polygon
#1170,#379,Polygon
#1170,#380,Polygon
#1171,#1170,Bound
#1172,#1171,Bounds
#1173,#487,Polygon
#1173,#316,Polygon
#1173,#315,Polygon
#1174,#1173,Bound
#1175,#1174,Bounds
#1176,#487,Polygon
#1176,#315,Polygon
#1176,#379,Polygon
#1177,#1176,Bound
#1178,#1177,Bounds
#1179,#488,Polygon
#1179,#467,Polygon
#1179,#461,Polygon
#1180,#1179,Bound
#1181,#1180,Bounds
#1182,#489,Polygon
#1182,#487,Polygon
#1182,#379,Polygon
#1183,#1182,Bound
#1184,#1183,Bounds
#1185,#489,Polygon
#1185,#395,Polygon
#1185,#394,Polygon
#1186,#1185,Bound
#1187,#1186,Bounds
#1188,#489,Polygon
#1188,#394,Polygon
#1188,#316,Polygon
#1189,#1188,Bound
#1190,#1189,Bounds
#1191,#489,Polygon
#1191,#316,Polygon
#1191,#487,Polygon
#1192,#1191,Bound
#1193,#1192,Bounds
#1194,#490,Polygon
#1194,#491,Polygon
#1194,#492,Polygon
#1195,#1194,Bound
#1196,#1195,Bounds
#1197,#490,Polygon
#1197,#321,Polygon
#1197,#402,Polygon
#1198,#1197,Bound
#1199,#1198,Bounds
#1200,#490,Polygon
#1200,#493,Polygon
#1200,#491,Polygon
#1201,#1200,Bound
#1202,#1201,Bounds
#1203,#490,Polygon
#1203,#402,Polygon
#1203,#493,Polygon
#1204,#1203,Bound
#1205,#1204,Bounds
#1206,#494,Polygon
#1206,#489,Polygon
#1206,#379,Polygon
#1207,#1206,Bound
#1208,#1207,Bounds
#1209,#495,Polygon
#1209,#459,Polygon
#1209,#484,Polygon
#1210,#1209,Bound
#1211,#1210,Bounds
#1212,#494,Polygon
#1212,#379,Polygon
#1212,#390,Polygon
#1213,#1212,Bound
#1214,#1213,Bounds
#1215,#495,Polygon
#1215,#465,Polygon
#1215,#459,Polygon
#1216,#1215,Bound
#1217,#1216,Bounds
#1218,#494,Polygon
#1218,#395,Polygon
#1218,#489,Polygon
#1219,#1218,Bound
#1220,#1219,Bounds
#1221,#494,Polygon
#1221,#390,Polygon
#1221,#393,Polygon
#1222,#1221,Bound
#1223,#1222,Bounds
#1224,#494,Polygon
#1224,#393,Polygon
#1224,#395,Polygon
#1225,#1224,Bound
#1226,#1225,Bounds
#1227,#496,Polygon
#1227,#484,Polygon
#1227,#469,Polygon
#1228,#1227,Bound
#1229,#1228,Bounds
#1230,#497,Polygon
#1230,#407,Polygon
#1230,#406,Polygon
#1231,#1230,Bound
#1232,#1231,Bounds
#1233,#497,Polygon
#1233,#493,Polygon
#1233,#402,Polygon
#1234,#1233,Bound
#1235,#1234,Bounds
#1236,#496,Polygon
#1236,#467,Polygon
#1236,#488,Polygon
#1237,#1236,Bound
#1238,#1237,Bounds
#1239,#497,Polygon
#1239,#406,Polygon
#1239,#493,Polygon
#1240,#1239,Bound
#1241,#1240,Bounds
#1242,#498,Polygon
#1242,#398,Polygon
#1242,#413,Polygon
#1243,#1242,Bound
#1244,#1243,Bounds
#1245,#498,Polygon
#1245,#413,Polygon
#1245,#400,Polygon
#1246,#1245,Bound
#1247,#1246,Bounds
#1248,#498,Polygon
#1248,#394,Polygon
#1248,#398,Polygon
#1249,#1248,Bound
#1250,#1249,Bounds
#1251,#496,Polygon
#1251,#469,Polygon
#1251,#467,Polygon
#1252,#1251,Bound
#1253,#1252,Bounds
#1254,#498,Polygon
#1254,#400,Polygon
#1254,#394,Polygon
#1255,#1254,Bound
#1256,#1255,Bounds
#1257,#499,Polygon
#1257,#317,Polygon
#1257,#316,Polygon
#1258,#1257,Bound
#1259,#1258,Bounds
#1260,#499,Polygon
#1260,#436,Polygon
#1260,#435,Polygon
#1261,#1260,Bound
#1262,#1261,Bounds
#1263,#499,Polygon
#1263,#400,Polygon
#1263,#436,Polygon
#1264,#1263,Bound
#1265,#1264,Bounds
#1266,#499,Polygon
#1266,#316,Polygon
#1266,#400,Polygon
#1267,#1266,Bound
#1268,#1267,Bounds
#1269,#499,Polygon
#1269,#435,Polygon
#1269,#317,Polygon
#1270,#1269,Bound
#1271,#1270,Bounds
#1272,#500,Polygon
#1272,#419,Polygon
#1272,#407,Polygon
#1273,#1272,Bound
#1274,#1273,Bounds
#1275,#501,Polygon
#1275,#433,Polygon
#1275,#470,Polygon
#1276,#1275,Bound
#1277,#1276,Bounds
#1278,#500,Polygon
#1278,#401,Polygon
#1278,#419,Polygon
#1279,#1278,Bound
#1280,#1279,Bounds
#1281,#500,Polygon
#1281,#497,Polygon
#1281,#402,Polygon
#1282,#1281,Bound
#1283,#1282,Bounds
#1284,#501,Polygon
#1284,#456,Polygon
#1284,#433,Polygon
#1285,#1284,Bound
#1286,#1285,Bounds
#1287,#500,Polygon
#1287,#407,Polygon
#1287,#497,Polygon
#1288,#1287,Bound
#1289,#1288,Bounds
#1290,#500,Polygon
#1290,#402,Polygon
#1290,#401,Polygon
#1291,#1290,Bound
#1292,#1291,Bounds
#1293,#502,Polygon
#1293,#321,Polygon
#1293,#322,Polygon
#1294,#1293,Bound
#1295,#1294,Bounds
#1296,#502,Polygon
#1296,#401,Polygon
#1296,#321,Polygon
#1297,#1296,Bound
#1298,#1297,Bounds
#1299,#502,Polygon
#1299,#322,Polygon
#1299,#429,Polygon
#1300,#1299,Bound
#1301,#1300,Bounds
#1302,#503,Polygon
#1302,#400,Polygon
#1302,#413,Polygon
#1303,#1302,Bound
#1304,#1303,Bounds
#1305,#504,Polygon
#1305,#501,Polygon
#1305,#470,Polygon
#1306,#1305,Bound
#1307,#1306,Bounds
#1308,#503,Polygon
#1308,#436,Polygon
#1308,#400,Polygon
#1309,#1308,Bound
#1310,#1309,Bounds
#1311,#503,Polygon
#1311,#413,Polygon
#1311,#432,Polygon
#1312,#1311,Bound
#1313,#1312,Bounds
#1314,#503,Polygon
#1314,#432,Polygon
#1314,#436,Polygon
#1315,#1314,Bound
#1316,#1315,Bounds
#1317,#504,Polygon
#1317,#470,Polygon
#1317,#474,Polygon
#1318,#1317,Bound
#1319,#1318,Bounds
#1320,#505,Polygon
#1320,#419,Polygon
#1320,#401,Polygon
#1321,#1320,Bound
#1322,#1321,Bounds
#1323,#505,Polygon
#1323,#429,Polygon
#1323,#451,Polygon
#1324,#1323,Bound
#1325,#1324,Bounds
#1326,#505,Polygon
#1326,#502,Polygon
#1326,#429,Polygon
#1327,#1326,Bound
#1328,#1327,Bounds
#1329,#505,Polygon
#1329,#401,Polygon
#1329,#502,Polygon
#1330,#1329,Bound
#1331,#1330,Bounds
#1332,#506,Polygon
#1332,#456,Polygon
#1332,#501,Polygon
#1333,#1332,Bound
#1334,#1333,Bounds
#1335,#505,Polygon
#1335,#451,Polygon
#1335,#419,Polygon
#1336,#1335,Bound
#1337,#1336,Bounds
#1338,#507,Polygon
#1338,#318,Polygon
#1338,#317,Polygon
#1339,#1338,Bound
#1340,#1339,Bounds
#1341,#507,Polygon
#1341,#476,Polygon
#1341,#318,Polygon
#1342,#1341,Bound
#1343,#1342,Bounds
#1344,#506,Polygon
#1344,#461,Polygon
#1344,#456,Polygon
#1345,#1344,Bound
#1346,#1345,Bounds
#1347,#507,Polygon
#1347,#317,Polygon
#1347,#435,Polygon
#1348,#1347,Bound
#1349,#1348,Bounds
#1350,#508,Polygon
#1350,#322,Polygon
#1350,#323,Polygon
#1351,#1350,Bound
#1352,#1351,Bounds
#1353,#508,Polygon
#1353,#428,Polygon
#1353,#322,Polygon
#1354,#1353,Bound
#1355,#1354,Bounds
#1356,#509,Polygon
#1356,#501,Polygon
#1356,#504,Polygon
#1357,#1356,Bound
#1358,#1357,Bounds
#1359,#508,Polygon
#1359,#323,Polygon
#1359,#481,Polygon
#1360,#1359,Bound
#1361,#1360,Bounds
#1362,#510,Polygon
#1362,#435,Polygon
#1362,#434,Polygon
#1363,#1362,Bound
#1364,#1363,Bounds
#1365,#509,Polygon
#1365,#506,Polygon
#1365,#501,Polygon
#1366,#1365,Bound
#1367,#1366,Bounds
#1368,#510,Polygon
#1368,#465,Polygon
#1368,#476,Polygon
#1369,#1368,Bound
#1370,#1369,Bounds
#1371,#510,Polygon
#1371,#476,Polygon
#1371,#507,Polygon
#1372,#1371,Bound
#1373,#1372,Bounds
#1374,#510,Polygon
#1374,#507,Polygon
#1374,#435,Polygon
#1375,#1374,Bound
#1376,#1375,Bounds
#1377,#510,Polygon
#1377,#434,Polygon
#1377,#465,Polygon
#1378,#1377,Bound
#1379,#1378,Bounds
#1380,#511,Polygon
#1380,#450,Polygon
#1380,#428,Polygon
#1381,#1380,Bound
#1382,#1381,Bounds
#1383,#511,Polygon
#1383,#428,Polygon
#1383,#508,Polygon
#1384,#1383,Bound
#1385,#1384,Bounds
#1386,#511,Polygon
#1386,#508,Polygon
#1386,#481,Polygon
#1387,#1386,Bound
#1388,#1387,Bounds
#1389,#511,Polygon
#1389,#481,Polygon
#1389,#512,Polygon
#1390,#1389,Bound
#1391,#1390,Bounds
#1392,#513,Polygon
#1392,#465,Polygon
#1392,#514,Polygon
#1393,#1392,Bound
#1394,#1393,Bounds
#1395,#513,Polygon
#1395,#476,Polygon
#1395,#465,Polygon
#1396,#1395,Bound
#1397,#1396,Bounds
#1398,#513,Polygon
#1398,#475,Polygon
#1398,#476,Polygon
#1399,#1398,Bound
#1400,#1399,Bounds
#1401,#513,Polygon
#1401,#514,Polygon
#1401,#475,Polygon
#1402,#1401,Bound
#1403,#1402,Bounds
#1404,#515,Polygon
#1404,#323,Polygon
#1404,#324,Polygon
#1405,#1404,Bound
#1406,#1405,Bounds
#1407,#515,Polygon
#1407,#324,Polygon
#1407,#516,Polygon
#1408,#1407,Bound
#1409,#1408,Bounds
#1410,#515,Polygon
#1410,#516,Polygon
#1410,#480,Polygon
#1411,#1410,Bound
#1412,#1411,Bounds
#1413,#515,Polygon
#1413,#480,Polygon
#1413,#323,Polygon
#1414,#1413,Bound
#1415,#1414,Bounds
#1416,#517,Polygon
#1416,#512,Polygon
#1416,#518,Polygon
#1417,#1416,Bound
#1418,#1417,Bounds
#1419,#517,Polygon
#1419,#450,Polygon
#1419,#511,Polygon
#1420,#1419,Bound
#1421,#1420,Bounds
#1422,#517,Polygon
#1422,#511,Polygon
#1422,#512,Polygon
#1423,#1422,Bound
#1424,#1423,Bounds
#1425,#517,Polygon
#1425,#474,Polygon
#1425,#450,Polygon
#1426,#1425,Bound
#1427,#1426,Bounds
#1428,#519,Polygon
#1428,#484,Polygon
#1428,#496,Polygon
#1429,#1428,Bound
#1430,#1429,Bounds
#1431,#520,Polygon
#1431,#319,Polygon
#1431,#318,Polygon
#1432,#1431,Bound
#1433,#1432,Bounds
#1434,#520,Polygon
#1434,#521,Polygon
#1434,#319,Polygon
#1435,#1434,Bound
#1436,#1435,Bounds
#1437,#520,Polygon
#1437,#318,Polygon
#1437,#486,Polygon
#1438,#1437,Bound
#1439,#1438,Bounds
#1440,#522,Polygon
#1440,#523,Polygon
#1440,#480,Polygon
#1441,#1440,Bound
#1442,#1441,Bounds
#1443,#522,Polygon
#1443,#480,Polygon
#1443,#516,Polygon
#1444,#1443,Bound
#1445,#1444,Bounds
#1446,#522,Polygon
#1446,#524,Polygon
#1446,#523,Polygon
#1447,#1446,Bound
#1448,#1447,Bounds
#1449,#523,Polygon
#1449,#512,Polygon
#1449,#481,Polygon
#1450,#1449,Bound
#1451,#1450,Bounds
#1452,#522,Polygon
#1452,#516,Polygon
#1452,#524,Polygon
#1453,#1452,Bound
#1454,#1453,Bounds
#1455,#525,Polygon
#1455,#509,Polygon
#1455,#504,Polygon
#1456,#1455,Bound
#1457,#1456,Bounds
#1458,#523,Polygon
#1458,#481,Polygon
#1458,#480,Polygon
#1459,#1458,Bound
#1460,#1459,Bounds
#1461,#525,Polygon
#1461,#504,Polygon
#1461,#474,Polygon
#1462,#1461,Bound
#1463,#1462,Bounds
#1464,#526,Polygon
#1464,#486,Polygon
#1464,#475,Polygon
#1465,#1464,Bound
#1466,#1465,Bounds
#1467,#525,Polygon
#1467,#474,Polygon
#1467,#517,Polygon
#1468,#1467,Bound
#1469,#1468,Bounds
#1470,#525,Polygon
#1470,#518,Polygon
#1470,#527,Polygon
#1471,#1470,Bound
#1472,#1471,Bounds
#1473,#525,Polygon
#1473,#517,Polygon
#1473,#518,Polygon
#1474,#1473,Bound
#1475,#1474,Bounds
#1476,#525,Polygon
#1476,#528,Polygon
#1476,#509,Polygon
#1477,#1476,Bound
#1478,#1477,Bounds
#1479,#525,Polygon
#1479,#527,Polygon
#1479,#528,Polygon
#1480,#1479,Bound
#1481,#1480,Bounds
#1482,#526,Polygon
#1482,#475,Polygon
#1482,#514,Polygon
#1483,#1482,Bound
#1484,#1483,Bounds
#1485,#529,Polygon
#1485,#486,Polygon
#1485,#526,Polygon
#1486,#1485,Bound
#1487,#1486,Bounds
#1488,#529,Polygon
#1488,#526,Polygon
#1488,#530,Polygon
#1489,#1488,Bound
#1490,#1489,Bounds
#1491,#529,Polygon
#1491,#530,Polygon
#1491,#521,Polygon
#1492,#1491,Bound
#1493,#1492,Bounds
#1494,#529,Polygon
#1494,#521,Polygon
#1494,#520,Polygon
#1495,#1494,Bound
#1496,#1495,Bounds
#1497,#529,Polygon
#1497,#520,Polygon
#1497,#486,Polygon
#1498,#1497,Bound
#1499,#1498,Bounds
#1500,#531,Polygon
#1500,#319,Polygon
#1500,#521,Polygon
#1501,#1500,Bound
#1502,#1501,Bounds
#1503,#532,Polygon
#1503,#484,Polygon
#1503,#519,Polygon
#1504,#1503,Bound
#1505,#1504,Bounds
#1506,#531,Polygon
#1506,#521,Polygon
#1506,#533,Polygon
#1507,#1506,Bound
#1508,#1507,Bounds
#1509,#532,Polygon
#1509,#495,Polygon
#1509,#484,Polygon
#1510,#1509,Bound
#1511,#1510,Bounds
#1512,#531,Polygon
#1512,#533,Polygon
#1512,#534,Polygon
#1513,#1512,Bound
#1514,#1513,Bounds
#1515,#535,Polygon
#1515,#531,Polygon
#1515,#534,Polygon
#1516,#1515,Bound
#1517,#1516,Bounds
#1518,#536,Polygon
#1518,#496,Polygon
#1518,#488,Polygon
#1519,#1518,Bound
#1520,#1519,Bounds
#1521,#535,Polygon
#1521,#314,Polygon
#1521,#319,Polygon
#1522,#1521,Bound
#1523,#1522,Bounds
#1524,#535,Polygon
#1524,#319,Polygon
#1524,#531,Polygon
#1525,#1524,Bound
#1526,#1525,Bounds
#1527,#536,Polygon
#1527,#519,Polygon
#1527,#496,Polygon
#1528,#1527,Bound
#1529,#1528,Bounds
#1530,#537,Polygon
#1530,#538,Polygon
#1530,#539,Polygon
#1531,#1530,Bound
#1532,#1531,Bounds
#1533,#540,Polygon
#1533,#537,Polygon
#1533,#539,Polygon
#1534,#1533,Bound
#1535,#1534,Bounds
#1536,#541,Polygon
#1536,#314,Polygon
#1536,#535,Polygon
#1537,#1536,Bound
#1538,#1537,Bounds
#1539,#541,Polygon
#1539,#332,Polygon
#1539,#314,Polygon
#1540,#1539,Bound
#1541,#1540,Bounds
#1542,#541,Polygon
#1542,#542,Polygon
#1542,#332,Polygon
#1543,#1542,Bound
#1544,#1543,Bounds
#1545,#541,Polygon
#1545,#535,Polygon
#1545,#534,Polygon
#1546,#1545,Bound
#1547,#1546,Bounds
#1548,#541,Polygon
#1548,#534,Polygon
#1548,#542,Polygon
#1549,#1548,Bound
#1550,#1549,Bounds
#1551,#543,Polygon
#1551,#538,Polygon
#1551,#537,Polygon
#1552,#1551,Bound
#1553,#1552,Bounds
#1554,#543,Polygon
#1554,#537,Polygon
#1554,#540,Polygon
#1555,#1554,Bound
#1556,#1555,Bounds
#1557,#543,Polygon
#1557,#544,Polygon
#1557,#538,Polygon
#1558,#1557,Bound
#1559,#1558,Bounds
#1560,#545,Polygon
#1560,#516,Polygon
#1560,#324,Polygon
#1561,#1560,Bound
#1562,#1561,Bounds
#1563,#546,Polygon
#1563,#543,Polygon
#1563,#540,Polygon
#1564,#1563,Bound
#1565,#1564,Bounds
#1566,#547,Polygon
#1566,#346,Polygon
#1566,#343,Polygon
#1567,#1566,Bound
#1568,#1567,Bounds
#1569,#548,Polygon
#1569,#519,Polygon
#1569,#536,Polygon
#1570,#1569,Bound
#1571,#1570,Bounds
#1572,#547,Polygon
#1572,#333,Polygon
#1572,#332,Polygon
#1573,#1572,Bound
#1574,#1573,Bounds
#1575,#547,Polygon
#1575,#332,Polygon
#1575,#346,Polygon
#1576,#1575,Bound
#1577,#1576,Bounds
#1578,#547,Polygon
#1578,#343,Polygon
#1578,#333,Polygon
#1579,#1578,Bound
#1580,#1579,Bounds
#1581,#549,Polygon
#1581,#465,Polygon
#1581,#495,Polygon
#1582,#1581,Bound
#1583,#1582,Bounds
#1584,#549,Polygon
#1584,#514,Polygon
#1584,#465,Polygon
#1585,#1584,Bound
#1586,#1585,Bounds
#1587,#550,Polygon
#1587,#326,Polygon
#1587,#368,Polygon
#1588,#1587,Bound
#1589,#1588,Bounds
#1590,#551,Polygon
#1590,#365,Polygon
#1590,#350,Polygon
#1591,#1590,Bound
#1592,#1591,Bounds
#1593,#552,Polygon
#1593,#488,Polygon
#1593,#461,Polygon
#1594,#1593,Bound
#1595,#1594,Bounds
#1596,#552,Polygon
#1596,#506,Polygon
#1596,#509,Polygon
#1597,#1596,Bound
#1598,#1597,Bounds
#1599,#553,Polygon
#1599,#392,Polygon
#1599,#551,Polygon
#1600,#1599,Bound
#1601,#1600,Bounds
#1602,#553,Polygon
#1602,#551,Polygon
#1602,#350,Polygon
#1603,#1602,Bound
#1604,#1603,Bounds
#1605,#552,Polygon
#1605,#461,Polygon
#1605,#506,Polygon
#1606,#1605,Bound
#1607,#1606,Bounds
#1608,#554,Polygon
#1608,#552,Polygon
#1608,#509,Polygon
#1609,#1608,Bound
#1610,#1609,Bounds
#1611,#555,Polygon
#1611,#371,Polygon
#1611,#370,Polygon
#1612,#1611,Bound
#1613,#1612,Bounds
#1614,#555,Polygon
#1614,#553,Polygon
#1614,#350,Polygon
#1615,#1614,Bound
#1616,#1615,Bounds
#1617,#555,Polygon
#1617,#370,Polygon
#1617,#378,Polygon
#1618,#1617,Bound
#1619,#1618,Bounds
#1620,#555,Polygon
#1620,#392,Polygon
#1620,#553,Polygon
#1621,#1620,Bound
#1622,#1621,Bounds
#1623,#555,Polygon
#1623,#378,Polygon
#1623,#392,Polygon
#1624,#1623,Bound
#1625,#1624,Bounds
#1626,#555,Polygon
#1626,#350,Polygon
#1626,#371,Polygon
#1627,#1626,Bound
#1628,#1627,Bounds
#1629,#556,Polygon
#1629,#334,Polygon
#1629,#333,Polygon
#1630,#1629,Bound
#1631,#1630,Bounds
#1632,#556,Polygon
#1632,#333,Polygon
#1632,#369,Polygon
#1633,#1632,Bound
#1634,#1633,Bounds
#1635,#556,Polygon
#1635,#383,Polygon
#1635,#334,Polygon
#1636,#1635,Bound
#1637,#1636,Bounds
#1638,#556,Polygon
#1638,#369,Polygon
#1638,#383,Polygon
#1639,#1638,Bound
#1640,#1639,Bounds
#1641,#557,Polygon
#1641,#399,Polygon
#1641,#421,Polygon
#1642,#1641,Bound
#1643,#1642,Bounds
#1644,#558,Polygon
#1644,#518,Polygon
#1644,#512,Polygon
#1645,#1644,Bound
#1646,#1645,Bounds
#1647,#557,Polygon
#1647,#374,Polygon
#1647,#399,Polygon
#1648,#1647,Bound
#1649,#1648,Bounds
#1650,#557,Polygon
#1650,#381,Polygon
#1650,#374,Polygon
#1651,#1650,Bound
#1652,#1651,Bounds
#1653,#558,Polygon
#1653,#512,Polygon
#1653,#523,Polygon
#1654,#1653,Bound
#1655,#1654,Bounds
#1656,#557,Polygon
#1656,#396,Polygon
#1656,#381,Polygon
#1657,#1656,Bound
#1658,#1657,Bounds
#1659,#559,Polygon
#1659,#404,Polygon
#1659,#414,Polygon
#1660,#1659,Bound
#1661,#1660,Bounds
#1662,#559,Polygon
#1662,#551,Polygon
#1662,#392,Polygon
#1663,#1662,Bound
#1664,#1663,Bounds
#1665,#559,Polygon
#1665,#365,Polygon
#1665,#551,Polygon
#1666,#1665,Bound
#1667,#1666,Bounds
#1668,#559,Polygon
#1668,#375,Polygon
#1668,#365,Polygon
#1669,#1668,Bound
#1670,#1669,Bounds
#1671,#560,Polygon
#1671,#526,Polygon
#1671,#514,Polygon
#1672,#1671,Bound
#1673,#1672,Bounds
#1674,#559,Polygon
#1674,#383,Polygon
#1674,#375,Polygon
#1675,#1674,Bound
#1676,#1675,Bounds
#1677,#559,Polygon
#1677,#392,Polygon
#1677,#404,Polygon
#1678,#1677,Bound
#1679,#1678,Bounds
#1680,#560,Polygon
#1680,#514,Polygon
#1680,#549,Polygon
#1681,#1680,Bound
#1682,#1681,Bounds
#1683,#561,Polygon
#1683,#422,Polygon
#1683,#399,Polygon
#1684,#1683,Bound
#1685,#1684,Bounds
#1686,#561,Polygon
#1686,#376,Polygon
#1686,#387,Polygon
#1687,#1686,Bound
#1688,#1687,Bounds
#1689,#561,Polygon
#1689,#399,Polygon
#1689,#376,Polygon
#1690,#1689,Bound
#1691,#1690,Bounds
#1692,#562,Polygon
#1692,#396,Polygon
#1692,#557,Polygon
#1693,#1692,Bound
#1694,#1693,Bounds
#1695,#563,Polygon
#1695,#532,Polygon
#1695,#519,Polygon
#1696,#1695,Bound
#1697,#1696,Bounds
#1698,#562,Polygon
#1698,#557,Polygon
#1698,#421,Polygon
#1699,#1698,Bound
#1700,#1699,Bounds
#1701,#563,Polygon
#1701,#519,Polygon
#1701,#548,Polygon
#1702,#1701,Bound
#1703,#1702,Bounds
#1704,#564,Polygon
#1704,#335,Polygon
#1704,#334,Polygon
#1705,#1704,Bound
#1706,#1705,Bounds
#1707,#564,Polygon
#1707,#383,Polygon
#1707,#559,Polygon
#1708,#1707,Bound
#1709,#1708,Bounds
#1710,#564,Polygon
#1710,#414,Polygon
#1710,#335,Polygon
#1711,#1710,Bound
#1712,#1711,Bounds
#1713,#564,Polygon
#1713,#334,Polygon
#1713,#383,Polygon
#1714,#1713,Bound
#1715,#1714,Bounds
#1716,#564,Polygon
#1716,#559,Polygon
#1716,#414,Polygon
#1717,#1716,Bound
#1718,#1717,Bounds
#1719,#565,Polygon
#1719,#387,Polygon
#1719,#410,Polygon
#1720,#1719,Bound
#1721,#1720,Bounds
#1722,#530,Polygon
#1722,#526,Polygon
#1722,#560,Polygon
#1723,#1722,Bound
#1724,#1723,Bounds
#1725,#566,Polygon
#1725,#396,Polygon
#1725,#562,Polygon
#1726,#1725,Bound
#1727,#1726,Bounds
#1728,#566,Polygon
#1728,#440,Polygon
#1728,#439,Polygon
#1729,#1728,Bound
#1730,#1729,Bounds
#1731,#566,Polygon
#1731,#562,Polygon
#1731,#421,Polygon
#1732,#1731,Bound
#1733,#1732,Bounds
#1734,#567,Polygon
#1734,#561,Polygon
#1734,#387,Polygon
#1735,#1734,Bound
#1736,#1735,Bounds
#1737,#567,Polygon
#1737,#387,Polygon
#1737,#565,Polygon
#1738,#1737,Bound
#1739,#1738,Bounds
#1740,#568,Polygon
#1740,#422,Polygon
#1740,#561,Polygon
#1741,#1740,Bound
#1742,#1741,Bounds
#1743,#568,Polygon
#1743,#561,Polygon
#1743,#567,Polygon
#1744,#1743,Bound
#1745,#1744,Bounds
#1746,#568,Polygon
#1746,#567,Polygon
#1746,#430,Polygon
#1747,#1746,Bound
#1748,#1747,Bounds
#1749,#568,Polygon
#1749,#430,Polygon
#1749,#422,Polygon
#1750,#1749,Bound
#1751,#1750,Bounds
#1752,#569,Polygon
#1752,#421,Polygon
#1752,#420,Polygon
#1753,#1752,Bound
#1754,#1753,Bounds
#1755,#528,Polygon
#1755,#554,Polygon
#1755,#509,Polygon
#1756,#1755,Bound
#1757,#1756,Bounds
#1758,#569,Polygon
#1758,#441,Polygon
#1758,#440,Polygon
#1759,#1758,Bound
#1760,#1759,Bounds
#1761,#569,Polygon
#1761,#566,Polygon
#1761,#421,Polygon
#1762,#1761,Bound
#1763,#1762,Bounds
#1764,#569,Polygon
#1764,#440,Polygon
#1764,#566,Polygon
#1765,#1764,Bound
#1766,#1765,Bounds
#1767,#570,Polygon
#1767,#533,Polygon
#1767,#521,Polygon
#1768,#1767,Bound
#1769,#1768,Bounds
#1770,#571,Polygon
#1770,#565,Polygon
#1770,#410,Polygon
#1771,#1770,Bound
#1772,#1771,Bounds
#1773,#570,Polygon
#1773,#534,Polygon
#1773,#533,Polygon
#1774,#1773,Bound
#1775,#1774,Bounds
#1776,#571,Polygon
#1776,#410,Polygon
#1776,#417,Polygon
#1777,#1776,Bound
#1778,#1777,Bounds
#1779,#570,Polygon
#1779,#521,Polygon
#1779,#530,Polygon
#1780,#1779,Bound
#1781,#1780,Bounds
#1782,#571,Polygon
#1782,#443,Polygon
#1782,#430,Polygon
#1783,#1782,Bound
#1784,#1783,Bounds
#1785,#571,Polygon
#1785,#567,Polygon
#1785,#565,Polygon
#1786,#1785,Bound
#1787,#1786,Bounds
#1788,#572,Polygon
#1788,#516,Polygon
#1788,#545,Polygon
#1789,#1788,Bound
#1790,#1789,Bounds
#1791,#572,Polygon
#1791,#524,Polygon
#1791,#516,Polygon
#1792,#1791,Bound
#1793,#1792,Bounds
#1794,#571,Polygon
#1794,#430,Polygon
#1794,#567,Polygon
#1795,#1794,Bound
#1796,#1795,Bounds
#1797,#573,Polygon
#1797,#336,Polygon
#1797,#335,Polygon
#1798,#1797,Bound
#1799,#1798,Bounds
#1800,#574,Polygon
#1800,#549,Polygon
#1800,#495,Polygon
#1801,#1800,Bound
#1802,#1801,Bounds
#1803,#574,Polygon
#1803,#532,Polygon
#1803,#563,Polygon
#1804,#1803,Bound
#1805,#1804,Bounds
#1806,#575,Polygon
#1806,#569,Polygon
#1806,#420,Polygon
#1807,#1806,Bound
#1808,#1807,Bounds
#1809,#574,Polygon
#1809,#495,Polygon
#1809,#532,Polygon
#1810,#1809,Bound
#1811,#1810,Bounds
#1812,#575,Polygon
#1812,#420,Polygon
#1812,#427,Polygon
#1813,#1812,Bound
#1814,#1813,Bounds
#1815,#575,Polygon
#1815,#441,Polygon
#1815,#569,Polygon
#1816,#1815,Bound
#1817,#1816,Bounds
#1818,#575,Polygon
#1818,#453,Polygon
#1818,#441,Polygon
#1819,#1818,Bound
#1820,#1819,Bounds
#1821,#575,Polygon
#1821,#427,Polygon
#1821,#453,Polygon
#1822,#1821,Bound
#1823,#1822,Bounds
#1824,#576,Polygon
#1824,#328,Polygon
#1824,#329,Polygon
#1825,#1824,Bound
#1826,#1825,Bounds
#1827,#576,Polygon
#1827,#431,Polygon
#1827,#328,Polygon
#1828,#1827,Bound
#1829,#1828,Bounds
#1830,#577,Polygon
#1830,#536,Polygon
#1830,#488,Polygon
#1831,#1830,Bound
#1832,#1831,Bounds
#1833,#577,Polygon
#1833,#552,Polygon
#1833,#554,Polygon
#1834,#1833,Bound
#1835,#1834,Bounds
#1836,#576,Polygon
#1836,#329,Polygon
#1836,#457,Polygon
#1837,#1836,Bound
#1838,#1837,Bounds
#1839,#577,Polygon
#1839,#488,Polygon
#1839,#552,Polygon
#1840,#1839,Bound
#1841,#1840,Bounds
#1842,#578,Polygon
#1842,#337,Polygon
#1842,#336,Polygon
#1843,#1842,Bound
#1844,#1843,Bounds
#1845,#578,Polygon
#1845,#445,Polygon
#1845,#337,Polygon
#1846,#1845,Bound
#1847,#1846,Bounds
#1848,#578,Polygon
#1848,#336,Polygon
#1848,#446,Polygon
#1849,#1848,Bound
#1850,#1849,Bounds
#1851,#578,Polygon
#1851,#446,Polygon
#1851,#445,Polygon
#1852,#1851,Bound
#1853,#1852,Bounds
#1854,#579,Polygon
#1854,#330,Polygon
#1854,#472,Polygon
#1855,#1854,Bound
#1856,#1855,Bounds
#1857,#579,Polygon
#1857,#458,Polygon
#1857,#442,Polygon
#1858,#1857,Bound
#1859,#1858,Bounds
#1860,#579,Polygon
#1860,#455,Polygon
#1860,#330,Polygon
#1861,#1860,Bound
#1862,#1861,Bounds
#1863,#579,Polygon
#1863,#442,Polygon
#1863,#448,Polygon
#1864,#1863,Bound
#1865,#1864,Bounds
#1866,#579,Polygon
#1866,#448,Polygon
#1866,#455,Polygon
#1867,#1866,Bound
#1868,#1867,Bounds
#1869,#579,Polygon
#1869,#464,Polygon
#1869,#458,Polygon
#1870,#1869,Bound
#1871,#1870,Bounds
#1872,#579,Polygon
#1872,#472,Polygon
#1872,#464,Polygon
#1873,#1872,Bound
#1874,#1873,Bounds
#1875,#580,Polygon
#1875,#577,Polygon
#1875,#554,Polygon
#1876,#1875,Bound
#1877,#1876,Bounds
#1878,#581,Polygon
#1878,#338,Polygon
#1878,#337,Polygon
#1879,#1878,Bound
#1880,#1879,Bounds
#1881,#581,Polygon
#1881,#337,Polygon
#1881,#460,Polygon
#1882,#1881,Bound
#1883,#1882,Bounds
#1884,#581,Polygon
#1884,#460,Polygon
#1884,#466,Polygon
#1885,#1884,Bound
#1886,#1885,Bounds
#1887,#581,Polygon
#1887,#466,Polygon
#1887,#338,Polygon
#1888,#1887,Bound
#1889,#1888,Bounds
#1890,#582,Polygon
#1890,#468,Polygon
#1890,#473,Polygon
#1891,#1890,Bound
#1892,#1891,Bounds
#1893,#582,Polygon
#1893,#338,Polygon
#1893,#468,Polygon
#1894,#1893,Bound
#1895,#1894,Bounds
#1896,#582,Polygon
#1896,#473,Polygon
#1896,#325,Polygon
#1897,#1896,Bound
#1898,#1897,Bounds
#1899,#582,Polygon
#1899,#325,Polygon
#1899,#338,Polygon
#1900,#1899,Bound
#1901,#1900,Bounds
#1902,#583,Polygon
#1902,#478,Polygon
#1902,#313,Polygon
#1903,#1902,Bound
#1904,#1903,Bounds
#1905,#583,Polygon
#1905,#479,Polygon
#1905,#478,Polygon
#1906,#1905,Bound
#1907,#1906,Bounds
#1908,#372,Polygon
#1908,#563,Polygon
#1908,#548,Polygon
#1909,#1908,Bound
#1910,#1909,Bounds
#1911,#584,Polygon
#1911,#477,Polygon
#1911,#479,Polygon
#1912,#1911,Bound
#1913,#1912,Bounds
#1914,#584,Polygon
#1914,#483,Polygon
#1914,#477,Polygon
#1915,#1914,Bound
#1916,#1915,Bounds
#1917,#585,Polygon
#1917,#560,Polygon
#1917,#549,Polygon
#1918,#1917,Bound
#1919,#1918,Bounds
#1920,#585,Polygon
#1920,#549,Polygon
#1920,#574,Polygon
#1921,#1920,Bound
#1922,#1921,Bounds
#1923,#584,Polygon
#1923,#479,Polygon
#1923,#583,Polygon
#1924,#1923,Bound
#1925,#1924,Bounds
#1926,#586,Polygon
#1926,#315,Polygon
#1926,#313,Polygon
#1927,#1926,Bound
#1928,#1927,Bounds
#1929,#586,Polygon
#1929,#313,Polygon
#1929,#478,Polygon
#1930,#1929,Bound
#1931,#1930,Bounds
#1932,#586,Polygon
#1932,#478,Polygon
#1932,#477,Polygon
#1933,#1932,Bound
#1934,#1933,Bounds
#1935,#587,Polygon
#1935,#523,Polygon
#1935,#524,Polygon
#1936,#1935,Bound
#1937,#1936,Bounds
#1938,#586,Polygon
#1938,#477,Polygon
#1938,#380,Polygon
#1939,#1938,Bound
#1940,#1939,Bounds
#1941,#586,Polygon
#1941,#380,Polygon
#1941,#315,Polygon
#1942,#1941,Bound
#1943,#1942,Bounds
#1944,#587,Polygon
#1944,#558,Polygon
#1944,#523,Polygon
#1945,#1944,Bound
#1946,#1945,Bounds
#1947,#588,Polygon
#1947,#483,Polygon
#1947,#584,Polygon
#1948,#1947,Bound
#1949,#1948,Bounds
#1950,#588,Polygon
#1950,#584,Polygon
#1950,#583,Polygon
#1951,#1950,Bound
#1952,#1951,Bounds
#1953,#588,Polygon
#1953,#583,Polygon
#1953,#313,Polygon
#1954,#1953,Bound
#1955,#1954,Bounds
#1956,#589,Polygon
#1956,#518,Polygon
#1956,#558,Polygon
#1957,#1956,Bound
#1958,#1957,Bounds
#1959,#590,Polygon
#1959,#324,Polygon
#1959,#320,Polygon
#1960,#1959,Bound
#1961,#1960,Bounds
#1962,#590,Polygon
#1962,#539,Polygon
#1962,#538,Polygon
#1963,#1962,Bound
#1964,#1963,Bounds
#1965,#590,Polygon
#1965,#320,Polygon
#1965,#539,Polygon
#1966,#1965,Bound
#1967,#1966,Bounds
#1968,#589,Polygon
#1968,#527,Polygon
#1968,#518,Polygon
#1969,#1968,Bound
#1970,#1969,Bounds
#1971,#590,Polygon
#1971,#538,Polygon
#1971,#545,Polygon
#1972,#1971,Bound
#1973,#1972,Bounds
#1974,#590,Polygon
#1974,#545,Polygon
#1974,#324,Polygon
#1975,#1974,Bound
#1976,#1975,Bounds
#1977,#591,Polygon
#1977,#540,Polygon
#1977,#539,Polygon
#1978,#1977,Bound
#1979,#1978,Bounds
#1980,#591,Polygon
#1980,#546,Polygon
#1980,#540,Polygon
#1981,#1980,Bound
#1982,#1981,Bounds
#1983,#591,Polygon
#1983,#320,Polygon
#1983,#546,Polygon
#1984,#1983,Bound
#1985,#1984,Bounds
#1986,#355,Polygon
#1986,#527,Polygon
#1986,#589,Polygon
#1987,#1986,Bound
#1988,#1987,Bounds
#1989,#591,Polygon
#1989,#539,Polygon
#1989,#320,Polygon
#1990,#1989,Bound
#1991,#1990,Bounds
#1992,#592,Polygon
#1992,#368,Polygon
#1992,#356,Polygon
#1993,#1992,Bound
#1994,#1993,Bounds
#1995,#592,Polygon
#1995,#356,Polygon
#1995,#359,Polygon
#1996,#1995,Bound
#1997,#1996,Bounds
#1998,#355,Polygon
#1998,#528,Polygon
#1998,#527,Polygon
#1999,#1998,Bound
#2000,#1999,Bounds
#2001,#592,Polygon
#2001,#593,Polygon
#2001,#550,Polygon
#2002,#2001,Bound
#2003,#2002,Bounds
#2004,#544,Polygon
#2004,#572,Polygon
#2004,#545,Polygon
#2005,#2004,Bound
#2006,#2005,Bounds
#2007,#592,Polygon
#2007,#550,Polygon
#2007,#368,Polygon
#2008,#2007,Bound
#2009,#2008,Bounds
#2010,#592,Polygon
#2010,#359,Polygon
#2010,#593,Polygon
#2011,#2010,Bound
#2012,#2011,Bounds
#2013,#594,Polygon
#2013,#320,Polygon
#2013,#326,Polygon
#2014,#2013,Bound
#2015,#2014,Bounds
#2016,#544,Polygon
#2016,#545,Polygon
#2016,#538,Polygon
#2017,#2016,Bound
#2018,#2017,Bounds
#2019,#594,Polygon
#2019,#546,Polygon
#2019,#320,Polygon
#2020,#2019,Bound
#2021,#2020,Bounds
#2022,#542,Polygon
#2022,#534,Polygon
#2022,#570,Polygon
#2023,#2022,Bound
#2024,#2023,Bounds
#2025,#594,Polygon
#2025,#550,Polygon
#2025,#593,Polygon
#2026,#2025,Bound
#2027,#2026,Bounds
#2028,#594,Polygon
#2028,#326,Polygon
#2028,#550,Polygon
#2029,#2028,Bound
#2030,#2029,Bounds
#2031,#595,Polygon
#2031,#335,Polygon
#2031,#415,Polygon
#2032,#2031,Bound
#2033,#2032,Bounds
#2034,#596,Polygon
#2034,#560,Polygon
#2034,#585,Polygon
#2035,#2034,Bound
#2036,#2035,Bounds
#2037,#595,Polygon
#2037,#415,Polygon
#2037,#403,Polygon
#2038,#2037,Bound
#2039,#2038,Bounds
#2040,#595,Polygon
#2040,#573,Polygon
#2040,#335,Polygon
#2041,#2040,Bound
#2042,#2041,Bounds
#2043,#596,Polygon
#2043,#530,Polygon
#2043,#560,Polygon
#2044,#2043,Bound
#2045,#2044,Bounds
#2046,#597,Polygon
#2046,#595,Polygon
#2046,#403,Polygon
#2047,#2046,Bound
#2048,#2047,Bounds
#2049,#597,Polygon
#2049,#403,Polygon
#2049,#396,Polygon
#2050,#2049,Bound
#2051,#2050,Bounds
#2052,#597,Polygon
#2052,#573,Polygon
#2052,#595,Polygon
#2053,#2052,Bound
#2054,#2053,Bounds
#2055,#598,Polygon
#2055,#536,Polygon
#2055,#577,Polygon
#2056,#2055,Bound
#2057,#2056,Bounds
#2058,#597,Polygon
#2058,#396,Polygon
#2058,#566,Polygon
#2059,#2058,Bound
#2060,#2059,Bounds
#2061,#597,Polygon
#2061,#566,Polygon
#2061,#439,Polygon
#2062,#2061,Bound
#2063,#2062,Bounds
#2064,#598,Polygon
#2064,#548,Polygon
#2064,#536,Polygon
#2065,#2064,Bound
#2066,#2065,Bounds
#2067,#599,Polygon
#2067,#336,Polygon
#2067,#573,Polygon
#2068,#2067,Bound
#2069,#2068,Bounds
#2070,#599,Polygon
#2070,#573,Polygon
#2070,#597,Polygon
#2071,#2070,Bound
#2072,#2071,Bounds
#2073,#599,Polygon
#2073,#439,Polygon
#2073,#446,Polygon
#2074,#2073,Bound
#2075,#2074,Bounds
#2076,#599,Polygon
#2076,#446,Polygon
#2076,#336,Polygon
#2077,#2076,Bound
#2078,#2077,Bounds
#2079,#599,Polygon
#2079,#597,Polygon
#2079,#439,Polygon
#2080,#2079,Bound
#2081,#2080,Bounds
#2082,#340,Polygon
#2082,#598,Polygon
#2082,#577,Polygon
#2083,#2082,Bound
#2084,#2083,Bounds
#2085,#340,Polygon
#2085,#577,Polygon
#2085,#580,Polygon
#2086,#2085,Bound
#2087,#2086,Bounds
#2088,#600,Polygon
#2088,#457,Polygon
#2088,#449,Polygon
#2089,#2088,Bound
#2090,#2089,Bounds
#2091,#600,Polygon
#2091,#576,Polygon
#2091,#457,Polygon
#2092,#2091,Bound
#2093,#2092,Bounds
#2094,#361,Polygon
#2094,#580,Polygon
#2094,#554,Polygon
#2095,#2094,Bound
#2096,#2095,Bounds
#2097,#601,Polygon
#2097,#313,Polygon
#2097,#321,Polygon
#2098,#2097,Bound
#2099,#2098,Bounds
#2100,#601,Polygon
#2100,#588,Polygon
#2100,#313,Polygon
#2101,#2100,Bound
#2102,#2101,Bounds
#2103,#601,Polygon
#2103,#490,Polygon
#2103,#492,Polygon
#2104,#2103,Bound
#2105,#2104,Bounds
#2106,#601,Polygon
#2106,#321,Polygon
#2106,#490,Polygon
#2107,#2106,Bound
#2108,#2107,Bounds
#2109,#361,Polygon
#2109,#554,Polygon
#2109,#528,Polygon
#2110,#2109,Bound
#2111,#2110,Bounds
#2112,#602,Polygon
#2112,#546,Polygon
#2112,#594,Polygon
#2113,#2112,Bound
#2114,#2113,Bounds
#2115,#602,Polygon
#2115,#544,Polygon
#2115,#543,Polygon
#2116,#2115,Bound
#2117,#2116,Bounds
#2118,#602,Polygon
#2118,#543,Polygon
#2118,#546,Polygon
#2119,#2118,Bound
#2120,#2119,Bounds
#2121,#344,Polygon
#2121,#530,Polygon
#2121,#596,Polygon
#2122,#2121,Bound
#2123,#2122,Bounds
#2124,#344,Polygon
#2124,#570,Polygon
#2124,#530,Polygon
#2125,#2124,Bound
#2126,#2125,Bounds
#2127,#603,Polygon
#2127,#594,Polygon
#2127,#593,Polygon
#2128,#2127,Bound
#2129,#2128,Bounds
#2130,#603,Polygon
#2130,#602,Polygon
#2130,#594,Polygon
#2131,#2130,Bound
#2132,#2131,Bounds
#2133,#604,Polygon
#2133,#585,Polygon
#2133,#574,Polygon
#2134,#2133,Bound
#2135,#2134,Bounds
#2136,#603,Polygon
#2136,#544,Polygon
#2136,#602,Polygon
#2137,#2136,Bound
#2138,#2137,Bounds
#2139,#603,Polygon
#2139,#359,Polygon
#2139,#544,Polygon
#2140,#2139,Bound
#2141,#2140,Bounds
#2142,#604,Polygon
#2142,#563,Polygon
#2142,#372,Polygon
#2143,#2142,Bound
#2144,#2143,Bounds
#2145,#603,Polygon
#2145,#593,Polygon
#2145,#359,Polygon
#2146,#2145,Bound
#2147,#2146,Bounds
#2148,#605,Polygon
#2148,#417,Polygon
#2148,#424,Polygon
#2149,#2148,Bound
#2150,#2149,Bounds
#2151,#604,Polygon
#2151,#574,Polygon
#2151,#563,Polygon
#2152,#2151,Bound
#2153,#2152,Bounds
#2154,#605,Polygon
#2154,#431,Polygon
#2154,#576,Polygon
#2155,#2154,Bound
#2156,#2155,Bounds
#2157,#358,Polygon
#2157,#524,Polygon
#2157,#572,Polygon
#2158,#2157,Bound
#2159,#2158,Bounds
#2160,#605,Polygon
#2160,#424,Polygon
#2160,#431,Polygon
#2161,#2160,Bound
#2162,#2161,Bounds
#2163,#605,Polygon
#2163,#571,Polygon
#2163,#417,Polygon
#2164,#2163,Bound
#2165,#2164,Bounds
#2166,#358,Polygon
#2166,#587,Polygon
#2166,#524,Polygon
#2167,#2166,Bound
#2168,#2167,Bounds
#2169,#605,Polygon
#2169,#576,Polygon
#2169,#600,Polygon
#2170,#2169,Bound
#2171,#2170,Bounds
#2172,#606,Polygon
#2172,#600,Polygon
#2172,#449,Polygon
#2173,#2172,Bound
#2174,#2173,Bounds
#2175,#349,Polygon
#2175,#585,Polygon
#2175,#604,Polygon
#2176,#2175,Bound
#2177,#2176,Bounds
#2178,#606,Polygon
#2178,#571,Polygon
#2178,#605,Polygon
#2179,#2178,Bound
#2180,#2179,Bounds
#2181,#606,Polygon
#2181,#449,Polygon
#2181,#443,Polygon
#2182,#2181,Bound
#2183,#2182,Bounds
#2184,#606,Polygon
#2184,#443,Polygon
#2184,#571,Polygon
#2185,#2184,Bound
#2186,#2185,Bounds
#2187,#606,Polygon
#2187,#605,Polygon
#2187,#600,Polygon
#2188,#2187,Bound
#2189,#2188,Bounds
#2190,#607,Polygon
#2190,#483,Polygon
#2190,#588,Polygon
#2191,#2190,Bound
#2192,#2191,Bounds
#2193,#607,Polygon
#2193,#588,Polygon
#2193,#601,Polygon
#2194,#2193,Bound
#2195,#2194,Bounds
#2196,#607,Polygon
#2196,#492,Polygon
#2196,#491,Polygon
#2197,#2196,Bound
#2198,#2197,Bounds
#2199,#607,Polygon
#2199,#601,Polygon
#2199,#492,Polygon
#2200,#2199,Bound
#2201,#2200,Bounds
#2202,#608,Polygon
#2202,#558,Polygon
#2202,#587,Polygon
#2203,#2202,Bound
#2204,#2203,Bounds
#2205,#609,Polygon
#2205,#483,Polygon
#2205,#607,Polygon
#2206,#2205,Bound
#2207,#2206,Bounds
#2208,#608,Polygon
#2208,#589,Polygon
#2208,#558,Polygon
#2209,#2208,Bound
#2210,#2209,Bounds
#2211,#609,Polygon
#2211,#482,Polygon
#2211,#483,Polygon
#2212,#2211,Bound
#2213,#2212,Bounds
#2214,#346,Polygon
#2214,#542,Polygon
#2214,#570,Polygon
#2215,#2214,Bound
#2216,#2215,Bounds
#2217,#346,Polygon
#2217,#332,Polygon
#2217,#542,Polygon
#2218,#2217,Bound
#2219,#2218,Bounds
#2220,#346,Polygon
#2220,#570,Polygon
#2220,#344,Polygon
#2221,#2220,Bound
#2222,#2221,Bounds
#2223,#610,Polygon
#2223,#391,Polygon
#2223,#482,Polygon
#2224,#2223,Bound
#2225,#2224,Bounds
#2226,#348,Polygon
#2226,#596,Polygon
#2226,#585,Polygon
#2227,#2226,Bound
#2228,#2227,Bounds
#2229,#610,Polygon
#2229,#482,Polygon
#2229,#609,Polygon
#2230,#2229,Bound
#2231,#2230,Bounds
#2232,#348,Polygon
#2232,#585,Polygon
#2232,#349,Polygon
#2233,#2232,Bound
#2234,#2233,Bounds
#2235,#610,Polygon
#2235,#609,Polygon
#2235,#607,Polygon
#2236,#2235,Bound
#2237,#2236,Bounds
#2238,#611,Polygon
#2238,#389,Polygon
#2238,#391,Polygon
#2239,#2238,Bound
#2240,#2239,Bounds
#2241,#611,Polygon
#2241,#491,Polygon
#2241,#493,Polygon
#2242,#2241,Bound
#2243,#2242,Bounds
#2244,#352,Polygon
#2244,#355,Polygon
#2244,#589,Polygon
#2245,#2244,Bound
#2246,#2245,Bounds
#2247,#611,Polygon
#2247,#607,Polygon
#2247,#491,Polygon
#2248,#2247,Bound
#2249,#2248,Bounds
#2250,#611,Polygon
#2250,#391,Polygon
#2250,#610,Polygon
#2251,#2250,Bound
#2252,#2251,Bounds
#2253,#611,Polygon
#2253,#610,Polygon
#2253,#607,Polygon
#2254,#2253,Bound
#2255,#2254,Bounds
#2256,#352,Polygon
#2256,#589,Polygon
#2256,#608,Polygon
#2257,#2256,Bound
#2258,#2257,Bounds
#2259,#611,Polygon
#2259,#406,Polygon
#2259,#389,Polygon
#2260,#2259,Bound
#2261,#2260,Bounds
#2262,#611,Polygon
#2262,#493,Polygon
#2262,#406,Polygon
#2263,#2262,Bound
#2264,#2263,Bounds
#2265,#359,Polygon
#2265,#572,Polygon
#2265,#544,Polygon
#2266,#2265,Bound
#2267,#2266,Bounds
#2268,#359,Polygon
#2268,#358,Polygon
#2268,#572,Polygon
#2269,#2268,Bound
#2270,#2269,Bounds
#2271,#354,Polygon
#2271,#361,Polygon
#2271,#528,Polygon
#2272,#2271,Bound
#2273,#2272,Bounds
#2274,#354,Polygon
#2274,#528,Polygon
#2274,#355,Polygon
#2275,#2274,Bound
#2276,#2275,Bounds
#2277,#345,Polygon
#2277,#344,Polygon
#2277,#596,Polygon
#2278,#2277,Bound
#2279,#2278,Bounds
#2280,#345,Polygon
#2280,#596,Polygon
#2280,#348,Polygon
#2281,#2280,Bound
#2282,#2281,Bounds
#2283,#371,Polygon
#2283,#349,Polygon
#2283,#604,Polygon
#2284,#2283,Bound
#2285,#2284,Bounds
#2286,#371,Polygon
#2286,#604,Polygon
#2286,#372,Polygon
#2287,#2286,Bound
#2288,#2287,Bounds
#2289,#341,Polygon
#2289,#340,Polygon
#2289,#580,Polygon
#2290,#2289,Bound
#2291,#2290,Bounds
#2292,#341,Polygon
#2292,#580,Polygon
#2292,#361,Polygon
#2293,#2292,Bound
#2294,#2293,Bounds
#2295,#373,Polygon
#2295,#372,Polygon
#2295,#548,Polygon
#2296,#2295,Bound
#2297,#2296,Bounds
#2298,#373,Polygon
#2298,#598,Polygon
#2298,#340,Polygon
#2299,#2298,Bound
#2300,#2299,Bounds
#2301,#373,Polygon
#2301,#548,Polygon
#2301,#598,Polygon
#2302,#2301,Bound
#2303,#2302,Bounds
#2304,#342,Polygon
#2304,#373,Polygon
#2304,#340,Polygon
#2305,#2304,Bound
#2306,#2305,Bounds
#2307,#350,Polygon
#2307,#349,Polygon
#2307,#371,Polygon
#2308,#2307,Bound
#2309,#2308,Bounds
#2310,#357,Polygon
#2310,#587,Polygon
#2310,#358,Polygon
#2311,#2310,Bound
#2312,#2311,Bounds
#2313,#357,Polygon
#2313,#608,Polygon
#2313,#587,Polygon
#2314,#2313,Bound
#2315,#2314,Bounds
#2316,#353,Polygon
#2316,#352,Polygon
#2316,#608,Polygon
#2317,#2316,Bound
#2318,#2317,Bounds
#2319,#353,Polygon
#2319,#608,Polygon
#2319,#357,Polygon
#2320,#2319,Bound
#2321,#2320,Bounds
#2322,#614,CfsFaces
#2322,#617,CfsFaces
#2322,#620,CfsFaces
#2322,#623,CfsFaces
#2322,#626,CfsFaces
#2322,#629,CfsFaces
#2322,#632,CfsFaces
#2322,#635,CfsFaces
#2322,#638,CfsFaces
#2322,#641,CfsFaces
#2322,#644,CfsFaces
#2322,#647,CfsFaces
#2322,#650,CfsFaces
#2322,#653,CfsFaces
#2322,#656,CfsFaces
#2322,#659,CfsFaces
#2322,#662,CfsFaces
#2322,#665,CfsFaces
#2322,#668,CfsFaces
#2322,#671,CfsFaces
#2322,#674,CfsFaces
#2322,#677,CfsFaces
#2322,#680,CfsFaces
#2322,#683,CfsFaces
#2322,#686,CfsFaces
#2322,#689,CfsFaces
#2322,#692,CfsFaces
#2322,#695,CfsFaces
#2322,#698,CfsFaces
#2322,#701,CfsFaces
#2322,#704,CfsFaces
#2322,#707,CfsFaces
#2322,#710,CfsFaces
#2322,#713,CfsFaces
#2322,#716,CfsFaces
#2322,#719,CfsFaces
#2322,#722,CfsFaces
#2322,#725,CfsFaces
#2322,#728,CfsFaces
#2322,#731,CfsFaces
#2322,#734,CfsFaces
#2322,#737,CfsFaces
#2322,#740,CfsFaces
#2322,#743,CfsFaces
#2322,#746,CfsFaces
#2322,#749,CfsFaces
#2322,#752,CfsFaces
#2322,#755,CfsFaces
#2322,#758,CfsFaces
#2322,#761,CfsFaces
#2322,#764,CfsFaces
#2322,#767,CfsFaces
#2322,#770,CfsFaces
#2322,#773,CfsFaces
#2322,#776,CfsFaces
#2322,#779,CfsFaces
#2322,#782,CfsFaces
#2322,#785,CfsFaces
#2322,#788,CfsFaces
#2322,#791,CfsFaces
#2322,#794,CfsFaces
#2322,#797,CfsFaces
#2322,#800,CfsFaces
#2322,#803,CfsFaces
#2322,#806,CfsFaces
#2322,#809,CfsFaces
#2322,#812,CfsFaces
#2322,#815,CfsFaces
#2322,#818,CfsFaces
#2322,#821,CfsFaces
#2322,#824,CfsFaces
#2322,#827,CfsFaces
#2322,#830,CfsFaces
#2322,#833,CfsFaces
#2322,#836,CfsFaces
#2322,#839,CfsFaces
#2322,#842,CfsFaces
#2322,#845,CfsFaces
#2322,#848,CfsFaces
#2322,#851,CfsFaces
#2322,#854,CfsFaces
#2322,#857,CfsFaces
#2322,#860,CfsFaces
#2322,#863,CfsFaces
#2322,#866,CfsFaces
#2322,#869,CfsFaces
#2322,#872,CfsFaces
#2322,#875,CfsFaces
#2322,#878,CfsFaces
#2322,#881,CfsFaces
#2322,#884,CfsFaces
#2322,#887,CfsFaces
#2322,#890,CfsFaces
#2322,#893,CfsFaces
#2322,#896,CfsFaces
#2322,#899,CfsFaces
#2322,#902,CfsFaces
#2322,#905,CfsFaces
#2322,#908,CfsFaces
#2322,#911,CfsFaces
#2322,#914,CfsFaces
#2322,#917,CfsFaces
#2322,#920,CfsFaces
#2322,#923,CfsFaces
#2322,#926,CfsFaces
#2322,#929,CfsFaces
#2322,#932,CfsFaces
#2322,#935,CfsFaces
#2322,#938,CfsFaces
#2322,#941,CfsFaces
#2322,#944,CfsFaces
#2322,#947,CfsFaces
#2322,#950,CfsFaces
#2322,#953,CfsFaces
#2322,#956,CfsFaces
#2322,#959,CfsFaces
#2322,#962,CfsFaces
#2322,#965,CfsFaces
#2322,#968,CfsFaces
#2322,#971,CfsFaces
#2322,#974,CfsFaces
#2322,#977,CfsFaces
#2322,#980,CfsFaces
#2322,#983,CfsFaces
#2322,#986,CfsFaces
#2322,#989,CfsFaces
#2322,#992,CfsFaces
#2322,#995,CfsFaces
#2322,#998,CfsFaces
#2322,#1001,CfsFaces
#2322,#1004,CfsFaces
#2322,#1007,CfsFaces
#2322,#1010,CfsFaces
#2322,#1013,CfsFaces
#2322,#1016,CfsFaces
#2322,#1019,CfsFaces
#2322,#1022,CfsFaces
#2322,#1025,CfsFaces
#2322,#1028,CfsFaces
#2322,#1031,CfsFaces
#2322,#1034,CfsFaces
#2322,#1037,CfsFaces
#2322,#1040,CfsFaces
#2322,#1043,CfsFaces
#2322,#1046,CfsFaces
#2322,#1049,CfsFaces
#2322,#1052,CfsFaces
#2322,#1055,CfsFaces
#2322,#1058,CfsFaces
#2322,#1061,CfsFaces
#2322,#1064,CfsFaces
#2322,#1067,CfsFaces
#2322,#1070,CfsFaces
#2322,#1073,CfsFaces
#2322,#1076,CfsFaces
#2322,#1079,CfsFaces
#2322,#1082,CfsFaces
#2322,#1085,CfsFaces
#2322,#1088,CfsFaces
#2322,#1091,CfsFaces
#2322,#1094,CfsFaces
#2322,#1097,CfsFaces
#2322,#1100,CfsFaces
#2322,#1103,CfsFaces
#2322,#1106,CfsFaces
#2322,#1109,CfsFaces
#2322,#1112,CfsFaces
#2322,#1115,CfsFaces
#2322,#1118,CfsFaces
#2322,#1121,CfsFaces
#2322,#1124,CfsFaces
#2322,#1127,CfsFaces
#2322,#1130,CfsFaces
#2322,#1133,CfsFaces
#2322,#1136,CfsFaces
#2322,#1139,CfsFaces
#2322,#1142,CfsFaces
#2322,#1145,CfsFaces
#2322,#1148,CfsFaces
#2322,#1151,CfsFaces
#2322,#1154,CfsFaces
#2322,#1157,CfsFaces
#2322,#1160,CfsFaces
#2322,#1163,CfsFaces
#2322,#1166,CfsFaces
#2322,#1169,CfsFaces
#2322,#1172,CfsFaces
#2322,#1175,CfsFaces
#2322,#1178,CfsFaces
#2322,#1181,CfsFaces
#2322,#1184,CfsFaces
#2322,#1187,CfsFaces
#2322,#1190,CfsFaces
#2322,#1193,CfsFaces
#2322,#1196,CfsFaces
#2322,#1199,CfsFaces
#2322,#1202,CfsFaces
#2322,#1205,CfsFaces
#2322,#1208,CfsFaces
#2322,#1211,CfsFaces
#2322,#1214,CfsFaces
#2322,#1217,CfsFaces
#2322,#1220,CfsFaces
#2322,#1223,CfsFaces
#2322,#1226,CfsFaces
#2322,#1229,CfsFaces
#2322,#1232,CfsFaces
#2322,#1235,CfsFaces
#2322,#1238,CfsFaces
#2322,#1241,CfsFaces
#2322,#1244,CfsFaces
#2322,#1247,CfsFaces
#2322,#1250,CfsFaces
#2322,#1253,CfsFaces
#2322,#1256,CfsFaces
#2322,#1259,CfsFaces
#2322,#1262,CfsFaces
#2322,#1265,CfsFaces
#2322,#1268,CfsFaces
#2322,#1271,CfsFaces
#2322,#1274,CfsFaces
#2322,#1277,CfsFaces
#2322,#1280,CfsFaces
#2322,#1283,CfsFaces
#2322,#1286,CfsFaces
#2322,#1289,CfsFaces
#2322,#1292,CfsFaces
#2322,#1295,CfsFaces
#2322,#1298,CfsFaces
#2322,#1301,CfsFaces
#2322,#1304,CfsFaces
#2322,#1307,CfsFaces
#2322,#1310,CfsFaces
#2322,#1313,CfsFaces
#2322,#1316,CfsFaces
#2322,#1319,CfsFaces
#2322,#1322,CfsFaces
#2322,#1325,CfsFaces
#2322,#1328,CfsFaces
#2322,#1331,CfsFaces
#2322,#1334,CfsFaces
#2322,#1337,CfsFaces
#2322,#1340,CfsFaces
#2322,#1343,CfsFaces
#2322,#1346,CfsFaces
#2322,#1349,CfsFaces
#2322,#1352,CfsFaces
#2322,#1355,CfsFaces
#2322,#1358,CfsFaces
#2322,#1361,CfsFaces
#2322,#1364,CfsFaces
#2322,#1367,CfsFaces
#2322,#1370,CfsFaces
#2322,#1373,CfsFaces
#2322,#1376,CfsFaces
#2322,#1379,CfsFaces
#2322,#1382,CfsFaces
#2322,#1385,CfsFaces
#2322,#1388,CfsFaces
#2322,#1391,CfsFaces
#2322,#1394,CfsFaces
#2322,#1397,CfsFaces
#2322,#1400,CfsFaces
#2322,#1403,CfsFaces
#2322,#1406,CfsFaces
#2322,#1409,CfsFaces
#2322,#1412,CfsFaces
#2322,#1415,CfsFaces
#2322,#1418,CfsFaces
#2322,#1421,CfsFaces
#2322,#1424,CfsFaces
#2322,#1427,CfsFaces
#2322,#1430,CfsFaces
#2322,#1433,CfsFaces
#2322,#1436,CfsFaces
#2322,#1439,CfsFaces
#2322,#1442,CfsFaces
#2322,#1445,CfsFaces
#2322,#1448,CfsFaces
#2322,#1451,CfsFaces
#2322,#1454,CfsFaces
#2322,#1457,CfsFaces
#2322,#1460,CfsFaces
#2322,#1463,CfsFaces
#2322,#1466,CfsFaces
#2322,#1469,CfsFaces
#2322,#1472,CfsFaces
#2322,#1475,CfsFaces
#2322,#1478,CfsFaces
#2322,#1481,CfsFaces
#2322,#1484,CfsFaces
#2322,#1487,CfsFaces
#2322,#1490,CfsFaces
#2322,#1493,CfsFaces
#2322,#1496,CfsFaces
#2322,#1499,CfsFaces
#2322,#1502,CfsFaces
#2322,#1505,CfsFaces
#2322,#1508,CfsFaces
#2322,#1511,CfsFaces
#2322,#1514,CfsFaces
#2322,#1517,CfsFaces
#2322,#1520,CfsFaces
#2322,#1523,CfsFaces
#2322,#1526,CfsFaces
#2322,#1529,CfsFaces
#2322,#1532,CfsFaces
#2322,#1535,CfsFaces
#2322,#1538,CfsFaces
#2322,#1541,CfsFaces
#2322,#1544,CfsFaces
#2322,#1547,CfsFaces
#2322,#1550,CfsFaces
#2322,#1553,CfsFaces
#2322,#1556,CfsFaces
#2322,#1559,CfsFaces
#2322,#1562,CfsFaces
#2322,#1565,CfsFaces
#2322,#1568,CfsFaces
#2322,#1571,CfsFaces
#2322,#1574,CfsFaces
#2322,#1577,CfsFaces
#2322,#1580,CfsFaces
#2322,#1583,CfsFaces
#2322,#1586,CfsFaces
#2322,#1589,CfsFaces
#2322,#1592,CfsFaces
#2322,#1595,CfsFaces
#2322,#1598,CfsFaces
#2322,#1601,CfsFaces
#2322,#1604,CfsFaces
#2322,#1607,CfsFaces
#2322,#1610,CfsFaces
#2322,#1613,CfsFaces
#2322,#1616,CfsFaces
#2322,#1619,CfsFaces
#2322,#1622,CfsFaces
#2322,#1625,CfsFaces
#2322,#1628,CfsFaces
#2322,#1631,CfsFaces
#2322,#1634,CfsFaces
#2322,#1637,CfsFaces
#2322,#1640,CfsFaces
#2322,#1643,CfsFaces
#2322,#1646,CfsFaces
#2322,#1649,CfsFaces
#2322,#1652,CfsFaces
#2322,#1655,CfsFaces
#2322,#1658,CfsFaces
#2322,#1661,CfsFaces
#2322,#1664,CfsFaces
#2322,#1667,CfsFaces
#2322,#1670,CfsFaces
#2322,#1673,CfsFaces
#2322,#1676,CfsFaces
#2322,#1679,CfsFaces
#2322,#1682,CfsFaces
#2322,#1685,CfsFaces
#2322,#1688,CfsFaces
#2322,#1691,CfsFaces
#2322,#1694,CfsFaces
#2322,#1697,CfsFaces
#2322,#1700,CfsFaces
#2322,#1703,CfsFaces
#2322,#1706,CfsFaces
#2322,#1709,CfsFaces
#2322,#1712,CfsFaces
#2322,#1715,CfsFaces
#2322,#1718,CfsFaces
#2322,#1721,CfsFaces
#2322,#1724,CfsFaces
#2322,#1727,CfsFaces
#2322,#1730,CfsFaces
#2322,#1733,CfsFaces
#2322,#1736,CfsFaces
#2322,#1739,CfsFaces
#2322,#1742,CfsFaces
#2322,#1745,CfsFaces
#2322,#1748,CfsFaces
#2322,#1751,CfsFaces
#2322,#1754,CfsFaces
#2322,#1757,CfsFaces
#2322,#1760,CfsFaces
#2322,#1763,CfsFaces
#2322,#1766,CfsFaces
#2322,#1769,CfsFaces
#2322,#1772,CfsFaces
#2322,#1775,CfsFaces
#2322,#1778,CfsFaces
#2322,#1781,CfsFaces
#2322,#1784,CfsFaces
#2322,#1787,CfsFaces
#2322,#1790,CfsFaces
#2322,#1793,CfsFaces
#2322,#1796,CfsFaces
#2322,#1799,CfsFaces
#2322,#1802,CfsFaces
#2322,#1805,CfsFaces
#2322,#1808,CfsFaces
#2322,#1811,CfsFaces
#2322,#1814,CfsFaces
#2322,#1817,CfsFaces
#2322,#1820,CfsFaces
#2322,#1823,CfsFaces
#2322,#1826,CfsFaces
#2322,#1829,CfsFaces
#2322,#1832,CfsFaces
#2322,#1835,CfsFaces
#2322,#1838,CfsFaces
#2322,#1841,CfsFaces
#2322,#1844,CfsFaces
#2322,#1847,CfsFaces
#2322,#1850,CfsFaces
#2322,#1853,CfsFaces
#2322,#1856,CfsFaces
#2322,#1859,CfsFaces
#2322,#1862,CfsFaces
#2322,#1865,CfsFaces
#2322,#1868,CfsFaces
#2322,#1871,CfsFaces
#2322,#1874,CfsFaces
#2322,#1877,CfsFaces
#2322,#1880,CfsFaces
#2322,#1883,CfsFaces
#2322,#1886,CfsFaces
#2322,#1889,CfsFaces
#2322,#1892,CfsFaces
#2322,#1895,CfsFaces
#2322,#1898,CfsFaces
#2322,#1901,CfsFaces
#2322,#1904,CfsFaces
#2322,#1907,CfsFaces
#2322,#1910,CfsFaces
#2322,#1913,CfsFaces
#2322,#1916,CfsFaces
#2322,#1919,CfsFaces
#2322,#1922,CfsFaces
#2322,#1925,CfsFaces
#2322,#1928,CfsFaces
#2322,#1931,CfsFaces
#2322,#1934,CfsFaces
#2322,#1937,CfsFaces
#2322,#1940,CfsFaces
#2322,#1943,CfsFaces
#2322,#1946,CfsFaces
#2322,#1949,CfsFaces
#2322,#1952,CfsFaces
#2322,#1955,CfsFaces
#2322,#1958,CfsFaces
#2322,#1961,CfsFaces
#2322,#1964,CfsFaces
#2322,#1967,CfsFaces
#2322,#1970,CfsFaces
#2322,#1973,CfsFaces
#2322,#1976,CfsFaces
#2322,#1979,CfsFaces
#2322,#1982,CfsFaces
#2322,#1985,CfsFaces
#2322,#1988,CfsFaces
#2322,#1991,CfsFaces
#2322,#1994,CfsFaces
#2322,#1997,CfsFaces
#2322,#2000,CfsFaces
#2322,#2003,CfsFaces
#2322,#2006,CfsFaces
#2322,#2009,CfsFaces
#2322,#2012,CfsFaces
#2322,#2015,CfsFaces
#2322,#2018,CfsFaces
#2322,#2021,CfsFaces
#2322,#2024,CfsFaces
#2322,#2027,CfsFaces
#2322,#2030,CfsFaces
#2322,#2033,CfsFaces
#2322,#2036,CfsFaces
#2322,#2039,CfsFaces
#2322,#2042,CfsFaces
#2322,#2045,CfsFaces
#2322,#2048,CfsFaces
#2322,#2051,CfsFaces
#2322,#2054,CfsFaces
#2322,#2057,CfsFaces
#2322,#2060,CfsFaces
#2322,#2063,CfsFaces
#2322,#2066,CfsFaces
#2322,#2069,CfsFaces
#2322,#2072,CfsFaces
#2322,#2075,CfsFaces
#2322,#2078,CfsFaces
#2322,#2081,CfsFaces
#2322,#2084,CfsFaces
#2322,#2087,CfsFaces
#2322,#2090,CfsFaces
#2322,#2093,CfsFaces
#2322,#2096,CfsFaces
#2322,#2099,CfsFaces
#2322,#2102,CfsFaces
#2322,#2105,CfsFaces
#2322,#2108,CfsFaces
#2322,#2111,CfsFaces
#2322,#2114,CfsFaces
#2322,#2117,CfsFaces
#2322,#2120,CfsFaces
#2322,#2123,CfsFaces
#2322,#2126,CfsFaces
#2322,#2129,CfsFaces
#2322,#2132,CfsFaces
#2322,#2135,CfsFaces
#2322,#2138,CfsFaces
#2322,#2141,CfsFaces
#2322,#2144,CfsFaces
#2322,#2147,CfsFaces
#2322,#2150,CfsFaces
#2322,#2153,CfsFaces
#2322,#2156,CfsFaces
#2322,#2159,CfsFaces
#2322,#2162,CfsFaces
#2322,#2165,CfsFaces
#2322,#2168,CfsFaces
#2322,#2171,CfsFaces
#2322,#2174,CfsFaces
#2322,#2177,CfsFaces
#2322,#2180,CfsFaces
#2322,#2183,CfsFaces
#2322,#2186,CfsFaces
#2322,#2189,CfsFaces
#2322,#2192,CfsFaces
#2322,#2195,CfsFaces
#2322,#2198,CfsFaces
#2322,#2201,CfsFaces
#2322,#2204,CfsFaces
#2322,#2207,CfsFaces
#2322,#2210,CfsFaces
#2322,#2213,CfsFaces
#2322,#2216,CfsFaces
#2322,#2219,CfsFaces
#2322,#2222,CfsFaces
#2322,#2225,CfsFaces
#2322,#2228,CfsFaces
#2322,#2231,CfsFaces
#2322,#2234,CfsFaces
#2322,#2237,CfsFaces
#2322,#2240,CfsFaces
#2322,#2243,CfsFaces
#2322,#2246,CfsFaces
#2322,#2249,CfsFaces
#2322,#2252,CfsFaces
#2322,#2255,CfsFaces
#2322,#2258,CfsFaces
#2322,#2261,CfsFaces
#2322,#2264,CfsFaces
#2322,#2267,CfsFaces
#2322,#2270,CfsFaces
#2322,#2273,CfsFaces
#2322,#2276,CfsFaces
#2322,#2279,CfsFaces
#2322,#2282,CfsFaces
#2322,#2285,CfsFaces
#2322,#2288,CfsFaces
#2322,#2291,CfsFaces
#2322,#2294,CfsFaces
#2322,#2297,CfsFaces
#2322,#2300,CfsFaces
#2322,#2303,CfsFaces
#2322,#2306,CfsFaces
#2322,#2309,CfsFaces
#2322,#2312,CfsFaces
#2322,#2315,CfsFaces
#2322,#2318,CfsFaces
#2322,#2321,CfsFaces
#2323,#2322,FbsmFaces
#2324,#11,ContextOfItems
#2324,#2323,Items
#2325,#2324,Representations
#2327,#2326,SurfaceColour
#2328,#2327,Styles
#2329,#2328,Styles
#2330,#2323,Item
#2330,#2329,Styles
#2332,#2331,Material
#2333,#2332,MaterialLayers
#2334,#2333,ForLayerSet
#2335,#5,OwnerHistory
#2335,#40,RelatedObjects
#2335,#221,RelatedObjects
#2335,#268,RelatedObjects
#2335,#281,RelatedObjects
#2335,#2334,RelatingMaterial
#2336,#11,ContextOfItems
#2336,#2351,Items
#2337,#2336,Representations
#2348,#2347,Location
#2348,#2346,Axis
#2348,#2345,RefDirection
#2349,#2338,Points
#2349,#2339,Points
#2349,#2340,Points
#2349,#2341,Points
#2349,#2342,Points
#2349,#2343,Points
#2349,#2338,Points
#2350,#2349,OuterCurve
#2351,#2350,SweptArea
#2351,#2348,Position
#2351,#2344,ExtrudedDirection
#2355,#2354,Location
#2355,#2353,Axis
#2355,#2352,RefDirection
#2356,#37,PlacementRelTo
#2356,#2355,RelativePlacement
#2357,#5,OwnerHistory
#2357,#2356,ObjectPlacement
#2357,#2337,Representation
#2358,#5,OwnerHistory
#2358,#2357,RelatedElements
#2358,#38,RelatingStructure
#2359,#2351,Item
#2359,#97,Styles
#2360,#11,ContextOfItems
#2360,#2374,Items
#2361,#2360,Representations
#2371,#2370,Location
#2371,#2369,Axis
#2371,#2368,RefDirection
#2372,#2362,Points
#2372,#2363,Points
#2372,#2364,Points
#2372,#2365,Points
#2372,#2366,Points
#2372,#2362,Points
#2373,#2372,OuterCurve
#2374,#2373,SweptArea
#2374,#2371,Position
#2374,#2367,ExtrudedDirection
#2378,#2377,Location
#2378,#2376,Axis
#2378,#2375,RefDirection
#2379,#37,PlacementRelTo
#2379,#2378,RelativePlacement
#2380,#5,OwnerHistory
#2380,#2379,ObjectPlacement
#2380,#2361,Representation
#2381,#5,OwnerHistory
#2381,#268,RelatingBuildingElement
#2381,#2380,RelatedOpeningElement
#2385,#2384,Location
#2385,#2383,Axis
#2385,#2382,RefDirection
#2386,#37,PlacementRelTo
#2386,#2385,RelativePlacement
#2390,#2389,Location
#2390,#2388,Axis
#2390,#2387,RefDirection
#2391,#11,ContextOfItems
#2391,#2401,Items
#2391,#2414,Items
#2391,#2427,Items
#2391,#2440,Items
#2392,#2391,Representations
#2399,#2393,Points
#2399,#2394,Points
#2399,#2395,Points
#2399,#2396,Points
#2399,#2397,Points
#2399,#2393,Points
#2400,#2399,OuterCurve
#2401,#2400,SweptArea
#2401,#2390,Position
#2401,#2398,ExtrudedDirection
#2405,#2404,Location
#2405,#2403,Axis
#2405,#2402,RefDirection
#2412,#2406,Points
#2412,#2407,Points
#2412,#2408,Points
#2412,#2409,Points
#2412,#2410,Points
#2412,#2406,Points
#2413,#2412,OuterCurve
#2414,#2413,SweptArea
#2414,#2405,Position
#2414,#2411,ExtrudedDirection
#2418,#2417,Location
#2418,#2416,Axis
#2418,#2415,RefDirection
#2425,#2419,Points
#2425,#2420,Points
#2425,#2421,Points
#2425,#2422,Points
#2425,#2423,Points
#2425,#2419,Points
#2426,#2425,OuterCurve
#2427,#2426,SweptArea
#2427,#2418,Position
#2427,#2424,ExtrudedDirection
#2437,#2436,Location
#2437,#2435,Axis
#2437,#2434,RefDirection
#2438,#2428,Points
#2438,#2429,Points
#2438,#2430,Points
#2438,#2431,Points
#2438,#2432,Points
#2438,#2428,Points
#2439,#2438,OuterCurve
#2440,#2439,SweptArea
#2440,#2437,Position
#2440,#2433,ExtrudedDirection
#2441,#5,OwnerHistory
#2441,#2386,ObjectPlacement
#2441,#2392,Representation
#2442,#5,OwnerHistory
#2442,#2441,RelatedElements
#2442,#38,RelatingStructure
#2444,#2443,SurfaceColour
#2445,#2444,Styles
#2446,#2445,Styles
#2447,#2401,Item
#2447,#2446,Styles
#2448,#2414,Item
#2448,#2446,Styles
#2449,#2427,Item
#2449,#2446,Styles
#2450,#2440,Item
#2450,#2446,Styles
#2451,#5,OwnerHistory
#2451,#2380,RelatingOpeningElement
#2451,#2441,RelatedBuildingElement
#2452,#11,ContextOfItems
#2452,#2466,Items
#2453,#11,ContextOfItems
#2453,#2479,Items
#2463,#2462,Location
#2463,#2461,Axis
#2463,#2460,RefDirection
#2464,#2454,Points
#2464,#2455,Points
#2464,#2456,Points
#2464,#2457,Points
#2464,#2458,Points
#2464,#2454,Points
#2465,#2464,OuterCurve
#2466,#2465,SweptArea
#2466,#2463,Position
#2466,#2459,ExtrudedDirection
#2476,#2475,Location
#2476,#2474,Axis
#2476,#2473,RefDirection
#2477,#2467,Points
#2477,#2468,Points
#2477,#2469,Points
#2477,#2470,Points
#2477,#2471,Points
#2477,#2467,Points
#2478,#2477,OuterCurve
#2479,#2478,SweptArea
#2479,#2476,Position
#2479,#2472,ExtrudedDirection
#2481,#2480,SurfaceColour
#2482,#2481,Styles
#2483,#2482,Styles
#2484,#2466,Item
#2484,#2483,Styles
#2485,#2479,Item
#2485,#2483,Styles
#2489,#2488,Location
#2489,#2487,Axis
#2489,#2486,RefDirection
#2490,#37,PlacementRelTo
#2490,#2489,RelativePlacement
#2494,#2493,Location
#2494,#2492,Axis
#2494,#2491,RefDirection
#2495,#37,PlacementRelTo
#2495,#2494,RelativePlacement
#2499,#2498,Location
#2499,#2497,Axis
#2499,#2496,RefDirection
#2500,#37,PlacementRelTo
#2500,#2499,RelativePlacement
#2504,#2503,Location
#2504,#2502,Axis
#2504,#2501,RefDirection
#2505,#37,PlacementRelTo
#2505,#2504,RelativePlacement
#2509,#2508,Location
#2509,#2507,Axis
#2509,#2506,RefDirection
#2510,#37,PlacementRelTo
#2510,#2509,RelativePlacement
#2511,#5,OwnerHistory
#2511,#2490,ObjectPlacement
#2512,#5,OwnerHistory
#2512,#2511,RelatedElements
#2512,#38,RelatingStructure
#2516,#2515,Location
#2516,#2514,Axis
#2516,#2513,RefDirection
#2517,#2490,PlacementRelTo
#2517,#2516,RelativePlacement
#2521,#2520,Location
#2521,#2519,Axis
#2521,#2518,RefDirection
#2522,#2490,PlacementRelTo
#2522,#2521,RelativePlacement
#2526,#2525,Location
#2526,#2524,Axis
#2526,#2523,RefDirection
#2527,#2490,PlacementRelTo
#2527,#2526,RelativePlacement
#2531,#2530,Location
#2531,#2529,Axis
#2531,#2528,RefDirection
#2532,#2490,PlacementRelTo
#2532,#2531,RelativePlacement
#2536,#2535,Location
#2536,#2534,Axis
#2536,#2533,RefDirection
#2537,#2536,MappingOrigin
#2537,#2452,MappedRepresentation
#2539,#2538,LocalOrigin
#2540,#2537,MappingSource
#2540,#2539,MappingTarget
#2541,#11,ContextOfItems
#2541,#2540,Items
#2542,#2541,Representations
#2543,#5,OwnerHistory
#2543,#2517,ObjectPlacement
#2543,#2542,Representation
#2545,#2544,LocalOrigin
#2546,#2537,MappingSource
#2546,#2545,MappingTarget
#2547,#11,ContextOfItems
#2547,#2546,Items
#2548,#2547,Representations
#2549,#5,OwnerHistory
#2549,#2522,ObjectPlacement
#2549,#2548,Representation
#2553,#2552,Location
#2553,#2551,Axis
#2553,#2550,RefDirection
#2554,#2553,MappingOrigin
#2554,#2453,MappedRepresentation
#2556,#2555,LocalOrigin
#2557,#2554,MappingSource
#2557,#2556,MappingTarget
#2558,#11,ContextOfItems
#2558,#2557,Items
#2559,#2558,Representations
#2560,#5,OwnerHistory
#2560,#2527,ObjectPlacement
#2560,#2559,Representation
#2562,#2561,LocalOrigin
#2563,#2554,MappingSource
#2563,#2562,MappingTarget
#2564,#11,ContextOfItems
#2564,#2563,Items
#2565,#2564,Representations
#2566,#5,OwnerHistory
#2566,#2532,ObjectPlacement
#2566,#2565,Representation
#2567,#11,ContextOfItems
#2567,#2581,Items
#2568,#2567,Representations
#2578,#2577,Location
#2578,#2576,Axis
#2578,#2575,RefDirection
#2579,#2569,Points
#2579,#2570,Points
#2579,#2571,Points
#2579,#2572,Points
#2579,#2573,Points
#2579,#2569,Points
#2580,#2579,OuterCurve
#2581,#2580,SweptArea
#2581,#2578,Position
#2581,#2574,ExtrudedDirection
#2585,#2584,Location
#2585,#2583,Axis
#2585,#2582,RefDirection
#2586,#2490,PlacementRelTo
#2586,#2585,RelativePlacement
#2587,#5,OwnerHistory
#2587,#2586,ObjectPlacement
#2587,#2568,Representation
#2589,#2588,SurfaceColour
#2590,#2589,Styles
#2591,#2590,Styles
#2592,#2581,Item
#2592,#2591,Styles
#2593,#5,OwnerHistory
#2593,#2511,RelatingObject
#2593,#2543,RelatedObjects
#2593,#2549,RelatedObjects
#2593,#2560,RelatedObjects
#2593,#2566,RelatedObjects
#2593,#2587,RelatedObjects
#2594,#5,OwnerHistory
#2594,#2495,ObjectPlacement
#2595,#5,OwnerHistory
#2595,#2594,RelatedElements
#2595,#38,RelatingStructure
#2599,#2598,Location
#2599,#2597,Axis
#2599,#2596,RefDirection
#2600,#2495,PlacementRelTo
#2600,#2599,RelativePlacement
#2604,#2603,Location
#2604,#2602,Axis
#2604,#2601,RefDirection
#2605,#2495,PlacementRelTo
#2605,#2604,RelativePlacement
#2609,#2608,Location
#2609,#2607,Axis
#2609,#2606,RefDirection
#2610,#2495,PlacementRelTo
#2610,#2609,RelativePlacement
#2614,#2613,Location
#2614,#2612,Axis
#2614,#2611,RefDirection
#2615,#2495,PlacementRelTo
#2615,#2614,RelativePlacement
#2617,#2616,LocalOrigin
#2618,#2537,MappingSource
#2618,#2617,MappingTarget
#2619,#11,ContextOfItems
#2619,#2618,Items
#2620,#2619,Representations
#2621,#5,OwnerHistory
#2621,#2600,ObjectPlacement
#2621,#2620,Representation
#2623,#2622,LocalOrigin
#2624,#2537,MappingSource
#2624,#2623,MappingTarget
#2625,#11,ContextOfItems
#2625,#2624,Items
#2626,#2625,Representations
#2627,#5,OwnerHistory
#2627,#2605,ObjectPlacement
#2627,#2626,Representation
#2629,#2628,LocalOrigin
#2630,#2554,MappingSource
#2630,#2629,MappingTarget
#2631,#11,ContextOfItems
#2631,#2630,Items
#2632,#2631,Representations
#2633,#5,OwnerHistory
#2633,#2610,ObjectPlacement
#2633,#2632,Representation
#2635,#2634,LocalOrigin
#2636,#2554,MappingSource
#2636,#2635,MappingTarget
#2637,#11,ContextOfItems
#2637,#2636,Items
#2638,#2637,Representations
#2639,#5,OwnerHistory
#2639,#2615,ObjectPlacement
#2639,#2638,Representation
#2640,#11,ContextOfItems
#2640,#2654,Items
#2641,#2640,Representations
#2651,#2650,Location
#2651,#2649,Axis
#2651,#2648,RefDirection
#2652,#2642,Points
#2652,#2643,Points
#2652,#2644,Points
#2652,#2645,Points
#2652,#2646,Points
#2652,#2642,Points
#2653,#2652,OuterCurve
#2654,#2653,SweptArea
#2654,#2651,Position
#2654,#2647,ExtrudedDirection
#2658,#2657,Location
#2658,#2656,Axis
#2658,#2655,RefDirection
#2659,#2495,PlacementRelTo
#2659,#2658,RelativePlacement
#2660,#5,OwnerHistory
#2660,#2659,ObjectPlacement
#2660,#2641,Representation
#2662,#2661,SurfaceColour
#2663,#2662,Styles
#2664,#2663,Styles
#2665,#2654,Item
#2665,#2664,Styles
#2666,#5,OwnerHistory
#2666,#2594,RelatingObject
#2666,#2621,RelatedObjects
#2666,#2627,RelatedObjects
#2666,#2633,RelatedObjects
#2666,#2639,RelatedObjects
#2666,#2660,RelatedObjects
#2667,#5,OwnerHistory
#2667,#2500,ObjectPlacement
#2668,#5,OwnerHistory
#2668,#2667,RelatedElements
#2668,#38,RelatingStructure
#2672,#2671,Location
#2672,#2670,Axis
#2672,#2669,RefDirection
#2673,#2500,PlacementRelTo
#2673,#2672,RelativePlacement
#2677,#2676,Location
#2677,#2675,Axis
#2677,#2674,RefDirection
#2678,#2500,PlacementRelTo
#2678,#2677,RelativePlacement
#2682,#2681,Location
#2682,#2680,Axis
#2682,#2679,RefDirection
#2683,#2500,PlacementRelTo
#2683,#2682,RelativePlacement
#2687,#2686,Location
#2687,#2685,Axis
#2687,#2684,RefDirection
#2688,#2500,PlacementRelTo
#2688,#2687,RelativePlacement
#2690,#2689,LocalOrigin
#2691,#2537,MappingSource
#2691,#2690,MappingTarget
#2692,#11,ContextOfItems
#2692,#2691,Items
#2693,#2692,Representations
#2694,#5,OwnerHistory
#2694,#2673,ObjectPlacement
#2694,#2693,Representation
#2696,#2695,LocalOrigin
#2697,#2537,MappingSource
#2697,#2696,MappingTarget
#2698,#11,ContextOfItems
#2698,#2697,Items
#2699,#2698,Representations
#2700,#5,OwnerHistory
#2700,#2678,ObjectPlacement
#2700,#2699,Representation
#2702,#2701,LocalOrigin
#2703,#2554,MappingSource
#2703,#2702,MappingTarget
#2704,#11,ContextOfItems
#2704,#2703,Items
#2705,#2704,Representations
#2706,#5,OwnerHistory
#2706,#2683,ObjectPlacement
#2706,#2705,Representation
#2708,#2707,LocalOrigin
#2709,#2554,MappingSource
#2709,#2708,MappingTarget
#2710,#11,ContextOfItems
#2710,#2709,Items
#2711,#2710,Representations
#2712,#5,OwnerHistory
#2712,#2688,ObjectPlacement
#2712,#2711,Representation
#2713,#11,ContextOfItems
#2713,#2727,Items
#2714,#2713,Representations
#2724,#2723,Location
#2724,#2722,Axis
#2724,#2721,RefDirection
#2725,#2715,Points
#2725,#2716,Points
#2725,#2717,Points
#2725,#2718,Points
#2725,#2719,Points
#2725,#2715,Points
#2726,#2725,OuterCurve
#2727,#2726,SweptArea
#2727,#2724,Position
#2727,#2720,ExtrudedDirection
#2731,#2730,Location
#2731,#2729,Axis
#2731,#2728,RefDirection
#2732,#2500,PlacementRelTo
#2732,#2731,RelativePlacement
#2733,#5,OwnerHistory
#2733,#2732,ObjectPlacement
#2733,#2714,Representation
#2735,#2734,SurfaceColour
#2736,#2735,Styles
#2737,#2736,Styles
#2738,#2727,Item
#2738,#2737,Styles
#2739,#5,OwnerHistory
#2739,#2667,RelatingObject
#2739,#2694,RelatedObjects
#2739,#2700,RelatedObjects
#2739,#2706,RelatedObjects
#2739,#2712,RelatedObjects
#2739,#2733,RelatedObjects
#2740,#5,OwnerHistory
#2740,#2505,ObjectPlacement
#2741,#5,OwnerHistory
#2741,#2740,RelatedElements
#2741,#38,RelatingStructure
#2745,#2744,Location
#2745,#2743,Axis
#2745,#2742,RefDirection
#2746,#2505,PlacementRelTo
#2746,#2745,RelativePlacement
#2750,#2749,Location
#2750,#2748,Axis
#2750,#2747,RefDirection
#2751,#2505,PlacementRelTo
#2751,#2750,RelativePlacement
#2755,#2754,Location
#2755,#2753,Axis
#2755,#2752,RefDirection
#2756,#2505,PlacementRelTo
#2756,#2755,RelativePlacement
#2760,#2759,Location
#2760,#2758,Axis
#2760,#2757,RefDirection
#2761,#2505,PlacementRelTo
#2761,#2760,RelativePlacement
#2763,#2762,LocalOrigin
#2764,#2537,MappingSource
#2764,#2763,MappingTarget
#2765,#11,ContextOfItems
#2765,#2764,Items
#2766,#2765,Representations
#2767,#5,OwnerHistory
#2767,#2746,ObjectPlacement
#2767,#2766,Representation
#2769,#2768,LocalOrigin
#2770,#2537,MappingSource
#2770,#2769,MappingTarget
#2771,#11,ContextOfItems
#2771,#2770,Items
#2772,#2771,Representations
#2773,#5,OwnerHistory
#2773,#2751,ObjectPlacement
#2773,#2772,Representation
#2775,#2774,LocalOrigin
#2776,#2554,MappingSource
#2776,#2775,MappingTarget
#2777,#11,ContextOfItems
#2777,#2776,Items
#2778,#2777,Representations
#2779,#5,OwnerHistory
#2779,#2756,ObjectPlacement
#2779,#2778,Representation
#2781,#2780,LocalOrigin
#2782,#2554,MappingSource
#2782,#2781,MappingTarget
#2783,#11,ContextOfItems
#2783,#2782,Items
#2784,#2783,Representations
#2785,#5,OwnerHistory
#2785,#2761,ObjectPlacement
#2785,#2784,Representation
#2786,#11,ContextOfItems
#2786,#2800,Items
#2787,#2786,Representations
#2797,#2796,Location
#2797,#2795,Axis
#2797,#2794,RefDirection
#2798,#2788,Points
#2798,#2789,Points
#2798,#2790,Points
#2798,#2791,Points
#2798,#2792,Points
#2798,#2788,Points
#2799,#2798,OuterCurve
#2800,#2799,SweptArea
#2800,#2797,Position
#2800,#2793,ExtrudedDirection
#2804,#2803,Location
#2804,#2802,Axis
#2804,#2801,RefDirection
#2805,#2505,PlacementRelTo
#2805,#2804,RelativePlacement
#2806,#5,OwnerHistory
#2806,#2805,ObjectPlacement
#2806,#2787,Representation
#2808,#2807,SurfaceColour
#2809,#2808,Styles
#2810,#2809,Styles
#2811,#2800,Item
#2811,#2810,Styles
#2812,#5,OwnerHistory
#2812,#2740,RelatingObject
#2812,#2767,RelatedObjects
#2812,#2773,RelatedObjects
#2812,#2779,RelatedObjects
#2812,#2785,RelatedObjects
#2812,#2806,RelatedObjects
#2813,#5,OwnerHistory
#2813,#2510,ObjectPlacement
#2814,#5,OwnerHistory
#2814,#2813,RelatedElements
#2814,#38,RelatingStructure
#2818,#2817,Location
#2818,#2816,Axis
#2818,#2815,RefDirection
#2819,#2510,PlacementRelTo
#2819,#2818,RelativePlacement
#2823,#2822,Location
#2823,#2821,Axis
#2823,#2820,RefDirection
#2824,#2510,PlacementRelTo
#2824,#2823,RelativePlacement
#2828,#2827,Location
#2828,#2826,Axis
#2828,#2825,RefDirection
#2829,#2510,PlacementRelTo
#2829,#2828,RelativePlacement
#2833,#2832,Location
#2833,#2831,Axis
#2833,#2830,RefDirection
#2834,#2510,PlacementRelTo
#2834,#2833,RelativePlacement
#2836,#2835,LocalOrigin
#2837,#2537,MappingSource
#2837,#2836,MappingTarget
#2838,#11,ContextOfItems
#2838,#2837,Items
#2839,#2838,Representations
#2840,#5,OwnerHistory
#2840,#2819,ObjectPlacement
#2840,#2839,Representation
#2842,#2841,LocalOrigin
#2843,#2537,MappingSource
#2843,#2842,MappingTarget
#2844,#11,ContextOfItems
#2844,#2843,Items
#2845,#2844,Representations
#2846,#5,OwnerHistory
#2846,#2824,ObjectPlacement
#2846,#2845,Representation
#2848,#2847,LocalOrigin
#2849,#2554,MappingSource
#2849,#2848,MappingTarget
#2850,#11,ContextOfItems
#2850,#2849,Items
#2851,#2850,Representations
#2852,#5,OwnerHistory
#2852,#2829,ObjectPlacement
#2852,#2851,Representation
#2854,#2853,LocalOrigin
#2855,#2554,MappingSource
#2855,#2854,MappingTarget
#2856,#11,ContextOfItems
#2856,#2855,Items
#2857,#2856,Representations
#2858,#5,OwnerHistory
#2858,#2834,ObjectPlacement
#2858,#2857,Representation
#2859,#11,ContextOfItems
#2859,#2873,Items
#2860,#2859,Representations
#2870,#2869,Location
#2870,#2868,Axis
#2870,#2867,RefDirection
#2871,#2861,Points
#2871,#2862,Points
#2871,#2863,Points
#2871,#2864,Points
#2871,#2865,Points
#2871,#2861,Points
#2872,#2871,OuterCurve
#2873,#2872,SweptArea
#2873,#2870,Position
#2873,#2866,ExtrudedDirection
#2877,#2876,Location
#2877,#2875,Axis
#2877,#2874,RefDirection
#2878,#2510,PlacementRelTo
#2878,#2877,RelativePlacement
#2879,#5,OwnerHistory
#2879,#2878,ObjectPlacement
#2879,#2860,Representation
#2881,#2880,SurfaceColour
#2882,#2881,Styles
#2883,#2882,Styles
#2884,#2873,Item
#2884,#2883,Styles
#2885,#5,OwnerHistory
#2885,#2813,RelatingObject
#2885,#2840,RelatedObjects
#2885,#2846,RelatedObjects
#2885,#2852,RelatedObjects
#2885,#2858,RelatedObjects
#2885,#2879,RelatedObjects
